index,user_id,clicks__n_total,clicks__avg_scrollY,clicks__session_gap_cv,clicks__scroll_depth_max,heartbeat__n_total,heartbeat__avg_idle_time,heartbeat__scroll_depth_max,heartbeat__avg_scrollY,q__n_questions_viewed,q__n_unique_urls,q__maj_track,q__n_unique_courses,q__avg_question_number,q__n_active_days,q__revisit_rate,media__n_play_events,media__n_unique_media,media__total_watch_min,media__n_unique_urls,media__media_type_diversity,media__audio_pct,media__completion_rate,label,unique_math_qids,unique_text_qids,unique_quiz_qids,content_entropy,ts__q_bin1,ts__q_bin2,ts__q_bin3,ts__q_trend,ts__q_recency,ts__pv_bin1,ts__pv_bin2,ts__pv_bin3,ts__pv_trend,ts__pv_recency,ts__score_first,ts__score_last,ts__score_delta
3,568,1454.0,0.0,11.206933992913676,0.0,14891,1759549362.9120805,0.0,0.0,131.0,12.0,1.0,2.0,0.0,11.0,0.9923664122137404,0.0,1.0,0.0,5.0,1.0,0.0,0.0,1,0.0,0.0,93.0,0.8836263055257825,17.0,0.0,0.0,-17.0,0.0,36.0,4.0,5.0,-31.0,0.1111111111111111,,,
4,569,1639.0,0.0,14.564810411614785,0.0,14074,1759305076.8085089,0.0,0.0,166.0,10.0,1.0,2.0,0.0,13.0,1.0,0.0,1.0,0.0,6.0,1.0,0.0,0.0,1,27.0,22.0,99.0,0.9994088450661615,0.0,5.0,0.0,0.0,0.0,0.0,57.0,84.0,84.0,0.5957446808510638,,,
7,574,8244.0,0.0,17.020322783605064,0.0,18598,1760613139.8331249,0.0,0.0,355.0,22.0,1.0,2.0,0.0,19.0,0.9887323943661972,0.0,1.0,0.0,2.0,1.0,0.0,0.0,1,9.0,19.0,171.0,0.8731804739613913,56.0,35.0,7.0,-49.0,0.07142857142857142,183.0,91.0,17.0,-166.0,0.058419243986254296,,,
8,575,5778.0,0.0,18.37289727910828,0.0,17096,1760345694.5180702,0.0,0.0,469.0,32.0,1.0,2.0,0.0,24.0,1.0,0.0,1.0,0.0,12.0,1.0,0.0,0.0,1,0.0,81.0,277.0,1.0328359050514628,83.0,93.0,41.0,-42.0,0.1889400921658986,202.0,168.0,186.0,-16.0,0.3345323741007194,,,
9,577,986.0,0.0,14.75716855037279,0.0,11217,1760093736.5161405,0.0,0.0,20.0,2.0,1.0,1.0,0.0,3.0,1.0,0.0,1.0,0.0,1.0,1.0,0.0,0.0,1,0.0,0.0,24.0,0.4867393936210059,0.0,2.0,9.0,9.0,0.8181818181818182,77.0,61.0,48.0,-29.0,0.25806451612903225,,,
14,584,3299.0,0.0,18.45197450441478,0.0,10627,1760176482.7293458,0.0,0.0,329.0,22.0,1.0,2.0,0.0,12.0,0.9878419452887538,0.0,1.0,0.0,3.0,1.0,0.0,0.0,1,0.0,0.0,176.0,1.2661434221666656,90.0,20.0,0.0,-90.0,0.0,70.0,66.0,19.0,-51.0,0.12258064516129032,,,
15,585,5303.0,0.0,17.18346492235001,0.0,25284,1761052008.363723,0.0,0.0,473.0,28.0,1.0,2.0,0.0,29.0,0.9936575052854123,0.0,1.0,0.0,15.0,1.0,0.0,0.0,1,9.0,41.0,277.0,1.305410006089662,30.0,25.0,74.0,44.0,0.5736434108527132,74.0,177.0,209.0,135.0,0.4543478260869565,,,
16,586,3281.0,0.0,16.604065254150118,0.0,12397,1760367410.2267678,0.0,0.0,474.0,30.0,1.0,2.0,0.0,18.0,1.0,0.0,1.0,0.0,13.0,1.0,0.0,0.0,0,0.0,19.0,211.0,0.9853311894904193,139.0,32.0,1.0,-138.0,0.005813953488372093,282.0,54.0,23.0,-259.0,0.06406685236768803,,,
17,587,1948.0,0.0,14.251495773377744,0.0,12066,1759792339.6881948,0.0,0.0,252.0,15.0,1.0,2.0,0.0,12.0,1.0,0.0,1.0,0.0,9.0,1.0,0.0,0.0,0,9.0,0.0,116.0,1.0466941365710078,58.0,48.0,0.0,-58.0,0.0,99.0,58.0,6.0,-93.0,0.03680981595092025,,,
18,588,989.0,0.0,11.220981865669701,0.0,8143,1761249489.812692,0.0,0.0,44.0,6.0,0.0,1.0,,3.0,0.9545454545454546,0.0,1.0,0.0,3.0,1.0,0.0,0.0,0,0.0,58.0,33.0,1.0831080770686088,5.0,29.0,10.0,5.0,0.22727272727272727,22.0,132.0,34.0,12.0,0.18085106382978725,,,
19,590,2741.0,0.0,15.31218644265883,0.0,14842,1759990932.5901842,0.0,0.0,277.0,22.0,1.0,2.0,0.0,20.0,0.9927797833935018,0.0,1.0,0.0,3.0,1.0,0.0,0.0,1,9.0,0.0,119.0,1.282389483557231,2.0,0.0,0.0,-2.0,0.0,37.0,8.0,22.0,-15.0,0.3283582089552239,,,
22,593,1135.0,0.0,17.022072085306085,0.0,5169,1759269941.7479632,0.0,0.0,179.0,10.0,1.0,1.0,0.0,5.0,0.994413407821229,0.0,1.0,0.0,1.0,1.0,0.0,0.0,0,0.0,0.0,42.0,0.9585986252131422,,,,,,10.0,0.0,6.0,-4.0,0.375,,,
23,596,5092.0,0.0,15.547491177699696,0.0,70024,1759334518.2609236,0.0,0.0,309.0,20.0,1.0,2.0,0.0,19.0,0.9967637540453075,0.0,1.0,0.0,11.0,1.0,0.0,0.0,0,10.0,18.0,256.0,0.8522490884401006,16.0,89.0,0.0,-16.0,0.0,59.0,164.0,21.0,-38.0,0.0860655737704918,,,
25,598,1763.0,0.0,16.27496221491443,0.0,12796,1759968600.8593876,0.0,0.0,367.0,16.0,1.0,2.0,0.0,9.0,1.0,0.0,1.0,0.0,4.0,1.0,0.0,0.0,0,0.0,41.0,225.0,1.1721566957940854,,,,,,,,,,,,,
26,599,3445.0,0.0,13.850206342758671,0.0,41385,1761604028.6015568,0.0,0.0,358.0,13.0,1.0,2.0,0.0,23.0,1.0,0.0,1.0,0.0,7.0,1.0,0.0,0.0,1,37.0,83.0,215.0,0.8926296133683491,50.0,21.0,0.0,-50.0,0.0,103.0,122.0,17.0,-86.0,0.07024793388429752,,,
27,600,4140.0,0.0,13.36755213400369,0.0,63124,1760847967.4820805,0.0,0.0,408.0,37.0,0.0,2.0,0.0,27.0,1.0,0.0,1.0,0.0,8.0,1.0,0.0,0.0,1,0.0,71.0,331.0,0.9110502103690595,155.0,29.0,101.0,-54.0,0.3543859649122807,77.0,71.0,95.0,18.0,0.39094650205761317,,,
29,602,5132.0,0.0,16.653631487305578,0.0,59800,1760716201.102992,0.0,0.0,345.0,28.0,0.0,2.0,0.0,17.0,1.0,0.0,1.0,0.0,23.0,1.0,0.0,0.0,1,0.0,200.0,317.0,0.862535279318303,117.0,73.0,30.0,-87.0,0.13636363636363635,224.0,154.0,61.0,-163.0,0.13895216400911162,,,
30,603,5660.0,0.0,16.130982511931542,0.0,55032,1761487231.003898,0.0,0.0,415.0,34.0,0.0,2.0,0.0,22.0,0.9975903614457832,0.0,1.0,0.0,5.0,1.0,0.0,0.0,1,0.0,263.0,373.0,0.8165141668827143,154.0,94.0,42.0,-112.0,0.14482758620689656,239.0,165.0,112.0,-127.0,0.21705426356589147,,,
32,605,2648.0,0.0,15.21718392788726,0.0,34992,1759609658.6671534,0.0,0.0,180.0,11.0,1.0,2.0,0.0,13.0,1.0,0.0,1.0,0.0,16.0,1.0,0.0,0.0,0,0.0,19.0,166.0,0.5609365812342979,74.0,46.0,0.0,-74.0,0.0,109.0,73.0,13.0,-96.0,0.06666666666666667,,,
34,607,3511.0,0.0,12.40913065458127,0.0,24024,1760491146.4273098,0.0,0.0,325.0,26.0,0.0,2.0,0.0,16.0,1.0,0.0,1.0,0.0,14.0,1.0,0.0,0.0,1,0.0,45.0,249.0,0.5693737494830642,116.0,13.0,52.0,-64.0,0.287292817679558,75.0,93.0,55.0,-20.0,0.24663677130044842,,,
37,610,3609.0,0.0,11.018242905784776,0.0,47630,1761521931.1756496,0.0,0.0,456.0,35.0,0.0,2.0,0.0,25.0,0.9956140350877193,0.0,1.0,0.0,3.0,1.0,0.0,0.0,0,30.0,288.0,278.0,1.0585374404261436,100.0,85.0,76.0,-24.0,0.29118773946360155,128.0,117.0,123.0,-5.0,0.3342391304347826,,,
39,612,4941.0,0.0,10.000875984760993,0.0,47696,1761391636.3699124,0.0,0.0,607.0,38.0,0.0,2.0,0.0,33.0,1.0,,,,,,,,1,0.0,263.0,365.0,0.9464865641844323,86.0,114.0,159.0,73.0,0.4428969359331476,119.0,102.0,163.0,44.0,0.4244791666666667,,,
40,613,1736.0,0.0,10.785733107504186,0.0,16688,1760610839.9494958,0.0,0.0,350.0,23.0,0.0,1.0,0.0,13.0,0.9971428571428571,,,,,,,,1,0.0,149.0,148.0,1.2277341525665402,63.0,0.0,74.0,11.0,0.5401459854014599,60.0,27.0,34.0,-26.0,0.2809917355371901,,,
41,614,5889.0,0.0,13.92307551098395,0.0,45848,1760442942.5842483,0.0,0.0,485.0,33.0,0.0,2.0,0.0,19.0,1.0,0.0,1.0,0.0,11.0,1.0,0.0,0.0,1,0.0,211.0,265.0,0.905015159277069,180.0,121.0,44.0,-136.0,0.12753623188405797,290.0,153.0,36.0,-254.0,0.07515657620041753,,,
42,615,4237.0,0.0,15.221877843760723,0.0,44082,1761699652.8321862,0.0,0.0,563.0,35.0,0.0,2.0,0.0,19.0,1.0,0.0,1.0,0.0,2.0,1.0,0.0,0.0,0,54.0,108.0,301.0,1.0198324942743693,31.0,187.0,94.0,63.0,0.30128205128205127,73.0,181.0,148.0,75.0,0.3681592039800995,,,
43,616,4484.0,0.0,14.634574188393987,0.0,49042,1760929088.293277,0.0,0.0,567.0,34.0,0.0,2.0,0.0,24.0,1.0,0.0,1.0,0.0,6.0,1.0,0.0,0.0,0,52.0,215.0,299.0,0.8557303641453924,215.0,79.0,84.0,-131.0,0.2222222222222222,150.0,91.0,97.0,-53.0,0.2869822485207101,,,
44,617,4060.0,0.0,12.716422415571179,0.0,45757,1760022160.2407138,0.0,0.0,476.0,34.0,0.0,2.0,0.0,21.0,1.0,0.0,1.0,0.0,4.0,1.0,0.0,0.0,1,0.0,263.0,251.0,0.8316900828448254,77.0,62.0,97.0,20.0,0.4110169491525424,164.0,114.0,85.0,-79.0,0.23415977961432508,,,
45,618,5403.0,0.0,13.333074152379645,0.0,43360,1760881418.366862,0.0,0.0,633.0,35.0,0.0,2.0,0.0,23.0,1.0,0.0,1.0,0.0,2.0,1.0,0.0,0.0,0,0.0,191.0,294.0,1.0308162596761297,48.0,121.0,94.0,46.0,0.3574144486692015,89.0,161.0,58.0,-31.0,0.18831168831168832,,,
46,619,5664.0,0.0,11.32852852339514,0.0,56233,1760897236.5455353,0.0,0.0,477.0,30.0,0.0,2.0,0.0,33.0,1.0,0.0,1.0,0.0,20.0,1.0,0.0,0.0,1,0.0,184.0,303.0,0.9839880907815305,41.0,105.0,65.0,24.0,0.3080568720379147,126.0,170.0,86.0,-40.0,0.225130890052356,,,
50,623,5256.0,0.0,11.500595571401934,0.0,61661,1761131514.914679,0.0,0.0,499.0,33.0,0.0,2.0,0.0,33.0,1.0,0.0,1.0,0.0,3.0,1.0,0.0,0.0,0,63.0,205.0,313.0,0.9618952672794578,137.0,97.0,60.0,-77.0,0.20408163265306123,118.0,113.0,78.0,-40.0,0.2524271844660194,,,
51,624,1520.0,0.0,10.100693790189219,0.0,8089,1761958465.6984,0.0,0.0,182.0,18.0,0.0,1.0,0.0,8.0,0.9835164835164835,,,,,,,,0,0.0,30.0,68.0,0.7781776509811802,26.0,43.0,6.0,-20.0,0.08,72.0,23.0,118.0,46.0,0.5539906103286385,,,
52,625,1827.0,0.0,11.506072888156861,0.0,8151,1761041649.6272607,0.0,0.0,260.0,21.0,0.0,2.0,0.0,11.0,1.0,0.0,1.0,0.0,2.0,1.0,0.0,0.0,0,0.0,0.0,189.0,0.9026475030802465,27.0,24.0,111.0,84.0,0.6851851851851852,84.0,22.0,55.0,-29.0,0.3416149068322981,,,
53,626,1175.0,0.0,9.627476298052285,0.0,10303,1761777092.4271948,0.0,0.0,179.0,17.0,0.0,2.0,0.0,14.0,1.0,0.0,1.0,0.0,1.0,1.0,0.0,0.0,0,0.0,30.0,138.0,1.0633930457020169,48.0,69.0,20.0,-28.0,0.145985401459854,95.0,44.0,20.0,-75.0,0.12578616352201258,,,
54,627,1199.0,0.0,10.379350519975747,0.0,15270,1761533077.6227648,0.0,0.0,159.0,19.0,0.0,1.0,0.0,18.0,0.9874213836477987,0.0,1.0,0.0,3.0,1.0,0.0,0.0,0,0.0,0.0,139.0,0.9796119326284585,0.0,13.0,70.0,70.0,0.8433734939759037,18.0,26.0,94.0,76.0,0.6811594202898551,,,
56,629,5035.0,0.0,12.945671865311215,0.0,43858,1760611564.2537084,0.0,0.0,497.0,30.0,0.0,2.0,0.0,20.0,1.0,0.0,1.0,0.0,8.0,1.0,0.0,0.0,1,0.0,263.0,271.0,1.0068282569886524,100.0,83.0,52.0,-48.0,0.22127659574468084,117.0,91.0,29.0,-88.0,0.12236286919831224,,,
60,636,884.0,0.0,8.782624617868422,0.0,7476,1761047499.0808828,0.0,0.0,77.0,10.0,0.0,1.0,0.0,5.0,0.974025974025974,0.0,1.0,0.0,2.0,1.0,0.0,0.0,0,10.0,30.0,125.0,0.8764912633139355,19.0,30.0,0.0,-19.0,0.0,52.0,57.0,0.0,-52.0,0.0,,,
61,637,707.0,0.0,8.066869976002028,0.0,8925,1760743069.7954001,0.0,0.0,38.0,7.0,0.0,1.0,0.0,5.0,0.9736842105263158,,,,,,,,0,10.0,56.0,17.0,1.3689445257290567,20.0,8.0,0.0,-20.0,0.0,17.0,15.0,8.0,-9.0,0.2,,,
63,639,2099.0,0.0,10.275890187613456,0.0,37352,1762832304.6002526,0.0,0.0,183.0,20.0,0.0,1.0,0.0,19.0,1.0,0.0,1.0,0.0,15.0,1.0,0.0,0.0,1,0.0,30.0,213.0,0.8427901542063327,61.0,62.0,29.0,-32.0,0.19078947368421054,106.0,169.0,48.0,-58.0,0.14860681114551083,,,
66,642,257.0,0.0,13.966381514186518,0.0,595,1757642238.1626585,0.0,0.0,,,,,,,,0.0,1.0,0.0,4.0,1.0,0.0,0.0,1,0.0,0.0,58.0,0.2580186686648155,,,,,,,,,,,,,
70,648,148.0,0.0,11.867821675299444,0.0,462,1758774780.4948525,0.0,0.0,,,,,,,,0.0,1.0,0.0,2.0,1.0,0.0,0.0,1,0.0,0.0,47.0,-0.0,,,,,,0.0,0.0,19.0,19.0,1.0,,,
71,650,584.0,0.0,8.462943760767294,0.0,7050,1759542444.8029516,0.0,0.0,95.0,11.0,0.0,2.0,0.0,6.0,1.0,0.0,1.0,0.0,5.0,1.0,0.0,0.0,1,0.0,46.0,105.0,0.9655409304714303,0.0,0.0,62.0,62.0,1.0,47.0,13.0,113.0,66.0,0.653179190751445,,,
76,657,1524.0,0.0,8.330364978540468,0.0,16115,1758598885.686352,0.0,0.0,132.0,6.0,1.0,1.0,0.0,9.0,1.0,,,,,,,,0,0.0,19.0,133.0,0.9499968262070109,1.0,15.0,0.0,-1.0,0.0,42.0,184.0,68.0,26.0,0.23129251700680273,,,
77,658,1825.0,0.0,12.548135233966159,0.0,11056,1757416359.0594773,0.0,0.0,216.0,12.0,1.0,2.0,0.0,11.0,0.9953703703703703,0.0,1.0,0.0,7.0,1.0,0.0,0.0,0,46.0,41.0,213.0,1.0356466371301658,0.0,7.0,0.0,0.0,0.0,4.0,83.0,17.0,13.0,0.16346153846153846,,,
78,659,3444.0,0.0,18.490844826833456,0.0,12378,1758419368.3359985,0.0,0.0,191.0,11.0,1.0,1.0,0.0,5.0,1.0,,,,,,,,0,45.0,126.0,83.0,1.2371557890964082,47.0,0.0,0.0,-47.0,0.0,56.0,104.0,17.0,-39.0,0.096045197740113,,,
82,664,1707.0,0.0,16.259411713907046,0.0,5202,1758868023.6220105,0.0,0.0,377.0,22.0,1.0,2.0,0.0,9.0,1.0,0.0,1.0,0.0,2.0,1.0,0.0,0.0,0,0.0,19.0,193.0,1.0627863032255103,0.0,22.0,29.0,29.0,0.5686274509803921,0.0,200.0,54.0,54.0,0.2125984251968504,,,
83,665,2906.0,0.0,53.681393649211195,0.0,31889,1758873498.8996065,0.0,0.0,524.0,22.0,1.0,2.0,0.0,29.0,0.9980916030534351,0.0,1.0,0.0,4.0,1.0,0.0,0.0,1,9.0,142.0,199.0,1.239847757285851,128.0,72.0,3.0,-125.0,0.014778325123152709,216.0,170.0,73.0,-143.0,0.15904139433551198,,,
84,667,1677.0,0.0,12.081041124965905,0.0,11248,1758457838.9818058,0.0,0.0,161.0,10.0,1.0,2.0,0.0,5.0,1.0,0.0,1.0,0.0,3.0,1.0,0.0,0.0,1,0.0,63.0,176.0,1.2915807454252624,57.0,0.0,22.0,-35.0,0.27848101265822783,39.0,44.0,18.0,-21.0,0.1782178217821782,,,
87,670,2456.0,0.0,11.251899575388329,0.0,25861,1758068744.7892995,0.0,0.0,348.0,16.0,1.0,2.0,0.0,20.0,1.0,0.0,1.0,0.0,10.0,1.0,0.0,0.0,1,0.0,41.0,196.0,1.201192976445222,36.0,0.0,51.0,15.0,0.5862068965517241,97.0,60.0,135.0,38.0,0.4623287671232877,,,
89,673,1684.0,0.0,13.375609877965152,0.0,15019,1760106387.3474648,0.0,0.0,170.0,10.0,1.0,2.0,0.0,14.0,0.9941176470588236,0.0,1.0,0.0,5.0,1.0,0.0,0.0,1,73.0,183.0,277.0,0.6669462363861596,104.0,40.0,12.0,-92.0,0.07692307692307693,146.0,138.0,46.0,-100.0,0.1393939393939394,,,
91,678,1485.0,0.0,12.736699135277236,0.0,9796,1760137341.552908,0.0,0.0,253.0,11.0,1.0,1.0,0.0,13.0,0.9960474308300395,0.0,1.0,0.0,1.0,1.0,0.0,0.0,1,0.0,0.0,161.0,0.9335289015212996,22.0,28.0,59.0,37.0,0.5412844036697247,57.0,50.0,71.0,14.0,0.398876404494382,,,
92,679,905.0,0.0,10.92437377164239,0.0,6465,1759304606.055304,0.0,0.0,84.0,8.0,1.0,1.0,0.0,8.0,1.0,0.0,1.0,0.0,3.0,1.0,0.0,0.0,0,9.0,0.0,51.0,0.6397162532929749,1.0,8.0,15.0,14.0,0.625,6.0,26.0,34.0,28.0,0.5151515151515151,,,
93,680,10.0,0.0,0.8016666791962666,0.0,179,1762702432.9399478,0.0,0.0,,,,,,,,,,,,,,,1,0.0,0.0,22.0,0.0,,,,,,0.0,0.0,6.0,6.0,1.0,,,
94,682,1785.0,0.0,9.408720850189061,0.0,21956,1759998700.8906002,0.0,0.0,61.0,7.0,0.0,2.0,0.0,7.0,1.0,0.0,1.0,0.0,7.0,1.0,0.0,0.0,1,0.0,0.0,70.0,0.9645267831447455,0.0,36.0,22.0,22.0,0.3793103448275862,109.0,87.0,106.0,-3.0,0.3509933774834437,,,
95,686,398.0,0.0,9.008973561910391,0.0,16723,1756539974.1129696,0.0,0.0,12.0,1.0,1.0,1.0,0.0,1.0,1.0,0.0,1.0,0.0,6.0,1.0,0.0,0.0,0,9.0,41.0,39.0,0.8335658778239181,,,,,,6.0,0.0,9.0,3.0,0.6,,,
96,687,418.0,0.0,9.132016136538903,0.0,3882,1756876002.7065344,0.0,0.0,34.0,4.0,1.0,2.0,0.0,4.0,1.0,0.0,1.0,0.0,7.0,1.0,0.0,0.0,0,0.0,0.0,25.0,0.9693262884082929,,,,,,,,,,,,,
97,688,733.0,0.0,13.893901468754201,0.0,6349,1760065419.9037375,0.0,0.0,62.0,6.0,0.0,2.0,0.0,7.0,0.9838709677419355,0.0,1.0,0.0,3.0,1.0,0.0,0.0,0,59.0,0.0,135.0,1.1688218294519954,4.0,0.0,0.0,-4.0,0.0,50.0,0.0,0.0,-50.0,0.0,,,
98,691,518.0,0.0,13.690513854281157,0.0,5146,1761263057.676081,0.0,0.0,117.0,9.0,1.0,1.0,0.0,3.0,1.0,,,,,,,,1,0.0,0.0,128.0,0.8654698974285928,47.0,0.0,33.0,-14.0,0.4125,31.0,0.0,30.0,-1.0,0.4918032786885246,,,
99,692,3433.0,0.0,12.568449936532698,0.0,30467,1759646246.3904977,0.0,0.0,492.0,17.0,0.0,1.0,0.0,27.0,0.9979674796747967,0.0,1.0,0.0,9.0,1.0,0.0,0.0,1,0.0,0.0,149.0,0.6972270143660979,209.0,176.0,13.0,-196.0,0.032663316582914576,193.0,172.0,33.0,-160.0,0.0829145728643216,,,
100,693,307.0,0.0,6.0237827356074956,0.0,5516,1759364827.7552116,0.0,0.0,,,,,,,,0.0,1.0,0.0,1.0,1.0,0.0,0.0,0,0.0,0.0,117.0,0.07949044238393407,,,,,,14.0,33.0,0.0,-14.0,0.0,,,
101,699,1305.0,0.0,10.693480204715765,0.0,8738,1761361448.713845,0.0,0.0,381.0,18.0,1.0,2.0,0.0,11.0,0.9868766404199475,,,,,,,,0,0.0,121.0,134.0,1.0072229370642614,87.0,37.0,66.0,-21.0,0.3473684210526316,156.0,53.0,112.0,-44.0,0.34890965732087226,,,
102,709,718.0,0.0,10.372591568769767,0.0,3692,1760864516.097365,0.0,0.0,45.0,5.0,1.0,2.0,0.0,4.0,0.9777777777777777,0.0,1.0,0.0,7.0,1.0,0.0,0.0,0,0.0,41.0,70.0,0.7713049923090445,18.0,15.0,0.0,-18.0,0.0,18.0,14.0,48.0,30.0,0.6,,,
103,736,2689.0,0.0,11.839675239461169,0.0,22253,1759870012.886425,0.0,0.0,302.0,24.0,0.0,2.0,0.0,20.0,0.9933774834437086,0.0,1.0,0.0,22.0,1.0,0.0,0.0,0,0.0,58.0,342.0,0.832203974223282,59.0,6.0,32.0,-27.0,0.32989690721649484,39.0,9.0,34.0,-5.0,0.4146341463414634,,,
105,742,3094.0,0.0,12.723480614336713,0.0,24922,1759717403.7095468,0.0,0.0,295.0,24.0,0.0,2.0,0.0,25.0,0.9932203389830508,0.0,1.0,0.0,15.0,1.0,0.0,0.0,1,0.0,0.0,362.0,0.9394900123595842,47.0,0.0,11.0,-36.0,0.1896551724137931,78.0,0.0,10.0,-68.0,0.11363636363636363,,,
106,768,122.0,0.0,6.25392208772323,0.0,2323,1756707258.15188,0.0,0.0,19.0,1.0,0.0,1.0,0.0,3.0,1.0,0.0,1.0,0.0,1.0,1.0,0.0,0.0,1,0.0,0.0,342.0,1.0529407605626349,14.0,5.0,0.0,-14.0,0.0,15.0,30.0,5.0,-10.0,0.1,,,
110,790,165.0,0.0,7.7318394784546625,0.0,4878,1757125006.9706955,0.0,0.0,,,,,,,,0.0,1.0,0.0,5.0,1.0,0.0,0.0,1,0.0,0.0,78.0,0.15935006268563445,,,,,,30.0,22.0,14.0,-16.0,0.21212121212121213,,,
114,803,3831.0,0.0,12.883674495450443,0.0,47792,1759093105.2881827,0.0,0.0,360.0,26.0,1.0,2.0,0.0,22.0,0.9861111111111112,0.0,1.0,0.0,12.0,1.0,0.0,0.0,1,18.0,0.0,277.0,1.0690133637976789,48.0,49.0,144.0,96.0,0.5975103734439834,86.0,92.0,141.0,55.0,0.44200626959247646,,,
115,808,2370.0,0.0,15.994716074552368,0.0,8322,1759069543.070269,0.0,0.0,260.0,23.0,1.0,2.0,0.0,12.0,0.9923076923076923,0.0,1.0,0.0,10.0,1.0,0.0,0.0,0,0.0,0.0,190.0,0.7762351823372076,91.0,18.0,83.0,-8.0,0.4322916666666667,138.0,108.0,123.0,-15.0,0.3333333333333333,,,
116,809,1986.0,0.0,15.031924452049926,0.0,13175,1758754002.346147,0.0,0.0,213.0,17.0,1.0,2.0,0.0,10.0,1.0,0.0,1.0,0.0,11.0,1.0,0.0,0.0,0,0.0,0.0,125.0,0.8092550606648863,41.0,12.0,58.0,17.0,0.5225225225225225,107.0,41.0,231.0,124.0,0.6094986807387863,,,
117,810,2932.0,0.0,17.815863253549967,0.0,6453,1758758708.1076863,0.0,0.0,394.0,19.0,1.0,2.0,0.0,13.0,1.0,0.0,1.0,0.0,9.0,1.0,0.0,0.0,0,9.0,19.0,277.0,1.0392339732610114,82.0,40.0,34.0,-48.0,0.21794871794871795,114.0,87.0,85.0,-29.0,0.2972027972027972,,,
118,811,1630.0,0.0,18.52077925431763,0.0,4448,1758214177.1401742,0.0,0.0,183.0,17.0,1.0,2.0,0.0,7.0,1.0,0.0,1.0,0.0,2.0,1.0,0.0,0.0,0,0.0,19.0,205.0,0.9224140667963279,88.0,23.0,23.0,-65.0,0.17164179104477612,56.0,58.0,54.0,-2.0,0.32142857142857145,,,
119,812,2693.0,0.0,16.853767189410295,0.0,15373,1759050352.2323787,0.0,0.0,203.0,16.0,1.0,2.0,0.0,13.0,0.9950738916256158,0.0,1.0,0.0,14.0,1.0,0.0,0.0,0,0.0,19.0,172.0,0.851277940744861,13.0,0.0,139.0,126.0,0.9144736842105263,153.0,32.0,275.0,122.0,0.5978260869565217,,,
120,813,2533.0,0.0,11.717272093975856,0.0,22917,1759201320.7694504,0.0,0.0,301.0,20.0,1.0,2.0,0.0,15.0,1.0,0.0,1.0,0.0,21.0,1.0,0.0,0.0,1,0.0,0.0,213.0,0.8433668564887143,13.0,208.0,22.0,9.0,0.09053497942386832,78.0,185.0,113.0,35.0,0.300531914893617,,,
121,814,2161.0,0.0,16.73625096577839,0.0,36863,1758729393.9200852,0.0,0.0,135.0,13.0,1.0,2.0,0.0,8.0,0.9925925925925926,0.0,1.0,0.0,17.0,1.0,0.0,0.0,1,0.0,0.0,139.0,0.7422055894114175,4.0,0.0,86.0,82.0,0.9555555555555556,52.0,5.0,165.0,113.0,0.7432432432432432,,,
122,815,4473.0,0.0,10.372064168764208,0.0,51050,1759153183.6197088,0.0,0.0,474.0,22.0,1.0,2.0,0.0,23.0,1.0,0.0,1.0,0.0,22.0,1.0,0.0,0.0,1,0.0,19.0,230.0,1.1564306824931259,1.0,66.0,221.0,220.0,0.7673611111111112,148.0,129.0,372.0,224.0,0.5731895223420647,,,
123,816,1558.0,0.0,9.474705020680494,0.0,30675,1759758663.8535652,0.0,0.0,502.0,23.0,1.0,1.0,0.0,19.0,0.99800796812749,0.0,1.0,0.0,3.0,1.0,0.0,0.0,1,0.0,0.0,205.0,1.0682796540892634,42.0,86.0,320.0,278.0,0.7142857142857143,12.0,54.0,205.0,193.0,0.7564575645756457,,,
124,817,4743.0,0.0,9.97517912311773,0.0,45706,1758701975.525355,0.0,0.0,632.0,23.0,1.0,2.0,0.0,39.0,0.9984177215189873,0.0,1.0,0.0,17.0,1.0,0.0,0.0,0,0.0,0.0,243.0,1.2157962049012034,130.0,128.0,192.0,62.0,0.4266666666666667,224.0,165.0,309.0,85.0,0.44269340974212035,,,
126,819,512.0,0.0,17.141332514472943,0.0,2273,1758154877.1308377,0.0,0.0,41.0,3.0,1.0,1.0,0.0,3.0,1.0,0.0,1.0,0.0,3.0,1.0,0.0,0.0,0,0.0,0.0,156.0,0.8645428818186431,,,,,,0.0,0.0,30.0,30.0,1.0,,,
128,821,930.0,0.0,13.029239795673703,0.0,4452,1758803824.838624,0.0,0.0,107.0,13.0,1.0,2.0,0.0,3.0,1.0,0.0,1.0,0.0,4.0,1.0,0.0,0.0,0,9.0,0.0,255.0,0.9527440413272651,16.0,32.0,59.0,43.0,0.5514018691588785,43.0,17.0,51.0,8.0,0.4594594594594595,,,
129,822,3829.0,0.0,11.0538346749316,0.0,24278,1758870964.7320473,0.0,0.0,927.0,24.0,1.0,2.0,0.0,31.0,1.0,0.0,1.0,0.0,22.0,1.0,0.0,0.0,1,0.0,0.0,196.0,1.140180727939447,113.0,449.0,231.0,118.0,0.29129886506935687,238.0,134.0,259.0,21.0,0.410459587955626,,,
130,823,2854.0,0.0,14.289117035321675,0.0,26011,1759582216.762337,0.0,0.0,243.0,20.0,1.0,1.0,0.0,15.0,1.0,0.0,1.0,0.0,9.0,1.0,0.0,0.0,1,0.0,40.0,236.0,0.9017431563535351,47.0,62.0,54.0,7.0,0.3312883435582822,268.0,139.0,125.0,-143.0,0.2349624060150376,,,
131,824,2733.0,0.0,14.645065490769248,0.0,21959,1758392826.943161,0.0,0.0,71.0,4.0,1.0,1.0,0.0,10.0,1.0,0.0,1.0,0.0,7.0,1.0,0.0,0.0,1,0.0,0.0,57.0,0.659176050616787,35.0,2.0,5.0,-30.0,0.11904761904761904,128.0,85.0,60.0,-68.0,0.21978021978021978,,,
132,825,4300.0,0.0,12.060695587949967,0.0,48495,1758863360.4678524,0.0,0.0,495.0,19.0,1.0,1.0,0.0,35.0,0.9959595959595959,0.0,1.0,0.0,4.0,1.0,0.0,0.0,1,0.0,0.0,234.0,1.259588636583433,96.0,156.0,117.0,21.0,0.3170731707317073,171.0,114.0,134.0,-37.0,0.3198090692124105,,,
133,826,361.0,0.0,11.397303099694652,0.0,3094,1759369308.6418116,0.0,0.0,26.0,4.0,1.0,1.0,0.0,4.0,1.0,0.0,1.0,0.0,1.0,1.0,0.0,0.0,1,0.0,0.0,100.0,0.688765038722696,0.0,0.0,19.0,19.0,1.0,0.0,0.0,109.0,109.0,1.0,,,
134,828,3020.0,0.0,14.788006173407396,0.0,21652,1759248385.1424618,0.0,0.0,456.0,25.0,1.0,2.0,0.0,24.0,1.0,0.0,1.0,0.0,16.0,1.0,0.0,0.0,0,9.0,0.0,189.0,0.9349472643177569,22.0,229.0,65.0,43.0,0.20569620253164558,66.0,152.0,60.0,-6.0,0.2158273381294964,,,
135,829,2454.0,0.0,18.30416626848371,0.0,19735,1760065683.229437,0.0,0.0,641.0,23.0,1.0,2.0,0.0,19.0,0.9937597503900156,0.0,1.0,0.0,7.0,1.0,0.0,0.0,1,0.0,0.0,124.0,0.9700201013329093,14.0,335.0,239.0,225.0,0.4064625850340136,36.0,254.0,251.0,215.0,0.46395563770794823,,,
136,830,1654.0,0.0,17.55678903611148,0.0,10888,1758906060.9157317,0.0,0.0,120.0,15.0,1.0,2.0,0.0,6.0,0.9666666666666667,0.0,1.0,0.0,16.0,1.0,0.0,0.0,0,0.0,0.0,96.0,0.7785445106095477,0.0,0.0,66.0,66.0,1.0,0.0,24.0,183.0,183.0,0.8840579710144928,,,
138,832,2561.0,0.0,9.701591520162054,0.0,19479,1759154466.2506168,0.0,0.0,351.0,30.0,1.0,2.0,0.0,15.0,0.9971509971509972,0.0,1.0,0.0,21.0,1.0,0.0,0.0,0,18.0,0.0,277.0,0.8921103178754911,49.0,125.0,104.0,55.0,0.37410071942446044,175.0,237.0,182.0,7.0,0.3063973063973064,,,
139,833,3220.0,0.0,15.258031889747949,0.0,23058,1759179069.1709845,0.0,0.0,297.0,21.0,1.0,1.0,0.0,21.0,1.0,0.0,1.0,0.0,15.0,1.0,0.0,0.0,0,45.0,0.0,88.0,1.0355472163810344,67.0,129.0,54.0,-13.0,0.216,179.0,253.0,46.0,-133.0,0.09623430962343096,,,
140,834,2959.0,0.0,19.039415018812825,0.0,16301,1759445033.5619607,0.0,0.0,174.0,13.0,1.0,2.0,0.0,12.0,0.9942528735632183,0.0,1.0,0.0,4.0,1.0,0.0,0.0,1,9.0,0.0,156.0,1.0601286473100924,86.0,59.0,29.0,-57.0,0.16666666666666666,168.0,122.0,125.0,-43.0,0.30120481927710846,,,
141,835,3119.0,0.0,12.908370278497921,0.0,21486,1758972647.2358813,0.0,0.0,359.0,27.0,1.0,2.0,0.0,22.0,1.0,0.0,1.0,0.0,31.0,1.0,0.0,0.0,1,0.0,0.0,235.0,0.743284774409025,84.0,24.0,100.0,16.0,0.4807692307692308,179.0,72.0,203.0,24.0,0.44713656387665196,,,
142,836,3123.0,0.0,14.851109018797287,0.0,22758,1758595550.4923398,0.0,0.0,381.0,27.0,1.0,2.0,0.0,14.0,0.9973753280839895,0.0,1.0,0.0,17.0,1.0,0.0,0.0,0,0.0,23.0,277.0,0.7491944312704442,94.0,17.0,170.0,76.0,0.604982206405694,160.0,36.0,180.0,20.0,0.4787234042553192,,,
143,837,2632.0,0.0,12.642116590150511,0.0,15654,1758734936.7193449,0.0,0.0,359.0,17.0,1.0,2.0,0.0,13.0,1.0,0.0,1.0,0.0,6.0,1.0,0.0,0.0,0,9.0,0.0,252.0,0.9579124564324517,17.0,27.0,87.0,70.0,0.6641221374045801,99.0,90.0,149.0,50.0,0.4408284023668639,,,
144,838,3233.0,0.0,13.693761243080264,0.0,33961,1759023752.4016528,0.0,0.0,517.0,16.0,1.0,1.0,0.0,20.0,0.9980657640232108,0.0,1.0,0.0,10.0,1.0,0.0,0.0,0,0.0,0.0,277.0,1.1444343973823232,94.0,77.0,202.0,108.0,0.5415549597855228,86.0,48.0,125.0,39.0,0.4826254826254826,,,
146,840,1782.0,0.0,9.652855922226003,0.0,11195,1758995785.0733626,0.0,0.0,122.0,11.0,1.0,2.0,0.0,8.0,1.0,0.0,1.0,0.0,7.0,1.0,0.0,0.0,0,0.0,0.0,45.0,0.9389350782823358,7.0,30.0,18.0,11.0,0.32727272727272727,44.0,118.0,158.0,114.0,0.49375,,,
147,841,4093.0,0.0,12.158894660708544,0.0,37248,1759364415.0082383,0.0,0.0,341.0,19.0,1.0,2.0,0.0,25.0,0.9970674486803519,0.0,1.0,0.0,9.0,1.0,0.0,0.0,0,27.0,22.0,161.0,0.9536166399702543,78.0,81.0,84.0,6.0,0.345679012345679,199.0,138.0,194.0,-5.0,0.3653483992467043,,,
148,842,3305.0,0.0,17.062597704123675,0.0,71677,1757106068.946716,0.0,0.0,235.0,13.0,1.0,2.0,0.0,14.0,1.0,0.0,1.0,0.0,19.0,1.0,0.0,0.0,1,0.0,0.0,114.0,0.824982595702255,57.0,0.0,117.0,60.0,0.6724137931034483,161.0,70.0,209.0,48.0,0.475,,,
149,843,2691.0,0.0,13.588069881692574,0.0,18266,1758975221.967261,0.0,0.0,328.0,21.0,1.0,2.0,0.0,18.0,1.0,0.0,1.0,0.0,14.0,1.0,0.0,0.0,0,0.0,0.0,178.0,0.7955858996108685,84.0,81.0,65.0,-19.0,0.2826086956521739,300.0,91.0,129.0,-171.0,0.24807692307692308,,,
150,844,2502.0,0.0,12.375097227375608,0.0,24026,1759483450.701439,0.0,0.0,395.0,17.0,1.0,2.0,0.0,17.0,1.0,0.0,1.0,0.0,7.0,1.0,0.0,0.0,1,0.0,0.0,215.0,0.871641906667735,11.0,116.0,189.0,178.0,0.5981012658227848,35.0,28.0,231.0,196.0,0.7857142857142857,,,
152,846,2748.0,0.0,20.369663190343925,0.0,10370,1758831575.7842753,0.0,0.0,214.0,13.0,1.0,1.0,0.0,7.0,1.0,0.0,1.0,0.0,3.0,1.0,0.0,0.0,0,0.0,0.0,126.0,0.9415408331623807,41.0,20.0,0.0,-41.0,0.0,49.0,178.0,110.0,61.0,0.3264094955489614,,,
153,847,1670.0,0.0,17.256333185616114,0.0,9127,1760361196.3722696,0.0,0.0,175.0,12.0,1.0,2.0,0.0,9.0,1.0,0.0,1.0,0.0,13.0,1.0,0.0,0.0,0,0.0,0.0,116.0,0.5785072757265679,10.0,1.0,141.0,131.0,0.9276315789473685,36.0,35.0,206.0,170.0,0.7436823104693141,,,
154,848,433.0,0.0,7.222819546080254,0.0,4695,1758753415.4005744,0.0,0.0,1.0,1.0,1.0,1.0,0.0,1.0,0.0,0.0,1.0,0.0,1.0,1.0,0.0,0.0,1,0.0,0.0,141.0,1.1084468918352364,,,,,,5.0,72.0,34.0,29.0,0.3063063063063063,,,
156,851,318.0,0.0,13.355076837450802,0.0,858,1758505410.7823846,0.0,0.0,34.0,3.0,1.0,2.0,0.0,1.0,1.0,,,,,,,,0,9.0,0.0,18.0,0.9219280948873623,0.0,34.0,0.0,0.0,0.0,0.0,78.0,0.0,0.0,0.0,,,
157,853,4629.0,0.0,13.901989306693844,0.0,32580,1759551284.8428016,0.0,0.0,571.0,31.0,1.0,2.0,0.0,23.0,1.0,0.0,1.0,0.0,24.0,1.0,0.0,0.0,0,9.0,0.0,223.0,0.9533572372577102,41.0,161.0,273.0,232.0,0.5747368421052632,196.0,195.0,412.0,216.0,0.5130759651307597,,,
158,854,2714.0,0.0,11.240755950501896,0.0,29342,1758562943.9042308,0.0,0.0,401.0,26.0,1.0,2.0,0.0,18.0,1.0,0.0,1.0,0.0,18.0,1.0,0.0,0.0,0,9.0,19.0,205.0,0.9299847647624363,67.0,124.0,70.0,3.0,0.2681992337164751,116.0,126.0,178.0,62.0,0.4238095238095238,,,
159,866,2135.0,0.0,13.75748950906253,0.0,16652,1758553298.4028287,0.0,0.0,81.0,9.0,1.0,2.0,0.0,6.0,1.0,0.0,1.0,0.0,16.0,1.0,0.0,0.0,0,0.0,0.0,107.0,0.4394969869215134,23.0,30.0,8.0,-15.0,0.13114754098360656,54.0,34.0,33.0,-21.0,0.2727272727272727,,,
160,867,274.0,0.0,8.174224374785462,0.0,2284,1759908997.303994,0.0,0.0,31.0,2.0,1.0,2.0,0.0,4.0,1.0,0.0,1.0,0.0,4.0,1.0,0.0,0.0,1,0.0,0.0,49.0,0.4288109647301171,0.0,29.0,0.0,0.0,0.0,19.0,62.0,10.0,-9.0,0.10989010989010989,,,
161,872,357.0,0.0,7.5087568345116384,0.0,6093,1758424302.2139406,0.0,0.0,33.0,3.0,1.0,1.0,0.0,4.0,0.9696969696969697,,,,,,,,1,0.0,40.0,277.0,0.6970162419339703,0.0,1.0,0.0,0.0,0.0,4.0,13.0,85.0,81.0,0.8333333333333334,,,
163,875,70.0,0.0,8.246966428531413,0.0,320,1757281650.023555,0.0,0.0,,,,,,,,0.0,1.0,0.0,2.0,1.0,0.0,0.0,1,0.0,0.0,212.0,-0.0,,,,,,,,,,,,,
164,876,234.0,0.0,6.701579856969761,0.0,990,1758939045.6015637,0.0,0.0,10.0,1.0,1.0,1.0,0.0,1.0,1.0,,,,,,,,0,0.0,0.0,25.0,0.6219041416291193,,,,,,29.0,2.0,14.0,-15.0,0.3111111111111111,,,
166,878,800.0,0.0,9.4570769605253,0.0,6631,1758663690.461769,0.0,0.0,69.0,7.0,0.0,1.0,0.0,7.0,0.9855072463768116,0.0,1.0,0.0,2.0,1.0,0.0,0.0,0,0.0,0.0,93.0,0.7785055736977327,4.0,36.0,0.0,-4.0,0.0,97.0,57.0,24.0,-73.0,0.1348314606741573,,,
168,880,178.0,0.0,6.579051294316869,0.0,1723,1758424668.019293,0.0,0.0,17.0,2.0,1.0,1.0,0.0,2.0,1.0,0.0,1.0,0.0,1.0,1.0,0.0,0.0,1,0.0,0.0,48.0,0.4586858162005403,,,,,,17.0,0.0,0.0,-17.0,0.0,,,
170,882,20.0,0.0,4.358580392999575,0.0,25,1756886284.4528236,0.0,0.0,,,,,,,,,,,,,,,1,0.0,0.0,46.0,-0.0,,,,,,,,,,,,,
171,883,3162.0,0.0,20.626970139521383,0.0,11654,1759240565.9860508,0.0,0.0,185.0,13.0,1.0,2.0,0.0,7.0,1.0,0.0,1.0,0.0,21.0,1.0,0.0,0.0,0,46.0,77.0,139.0,1.0023063938668553,30.0,62.0,0.0,-30.0,0.0,125.0,309.0,55.0,-70.0,0.11247443762781185,,,
173,885,52.0,0.0,2.3592063041275906,0.0,215,1757490138.514377,0.0,0.0,,,,,,,,0.0,1.0,0.0,3.0,1.0,0.0,0.0,0,55.0,19.0,75.0,-0.0,,,,,,,,,,,,,
175,888,668.0,0.0,14.097721622587954,0.0,2113,1758333375.2697418,0.0,0.0,24.0,3.0,1.0,2.0,0.0,3.0,0.9583333333333334,0.0,1.0,0.0,9.0,1.0,0.0,0.0,1,0.0,0.0,54.0,0.9099852866214885,0.0,13.0,0.0,0.0,0.0,0.0,36.0,0.0,0.0,0.0,,,
178,891,508.0,0.0,9.06008356617816,0.0,85548,1757527693.1295786,0.0,0.0,10.0,1.0,1.0,1.0,0.0,1.0,1.0,0.0,1.0,0.0,3.0,1.0,0.0,0.0,0,0.0,0.0,48.0,0.6052912052261445,,,,,,31.0,4.0,5.0,-26.0,0.125,,,
179,892,238.0,0.0,11.284832134538155,0.0,448,1759923045.6732001,0.0,0.0,11.0,1.0,1.0,1.0,,1.0,1.0,0.0,1.0,0.0,2.0,1.0,0.0,0.0,0,10.0,0.0,0.0,0.2351933818192415,0.0,0.0,11.0,11.0,1.0,0.0,7.0,19.0,19.0,0.7307692307692307,,,
181,894,23.0,0.0,1.774153097869443,0.0,595,1761405894.6728034,0.0,0.0,,,,,,,,,,,,,,,1,0.0,0.0,10.0,-0.0,,,,,,0.0,0.0,19.0,19.0,1.0,,,
182,971,1.0,,,,1,,,,62.0,2.0,1.0,1.0,,1.0,1.0,0.0,1.0,0.0,4.0,1.0,0.0,0.0,1,0.0,19.0,61.0,,,,,,,,,,,,,,
184,1001,2.0,,,,63,1755528246.8090637,0.0,0.0,,,,,,,,,,,,,,,1,0.0,0.0,62.0,-0.0,,,,,,0.0,0.0,26.0,26.0,1.0,,,
185,1010,74.0,0.0,2.5290134543394447,0.0,1956,1756749708.5589528,0.0,0.0,,,,,,,,0.0,1.0,0.0,1.0,1.0,0.0,0.0,0,0.0,0.0,29.0,-0.0,,,,,,0.0,0.0,11.0,11.0,1.0,,,
186,1011,199.0,0.0,5.597659210344411,0.0,2575,1756128194.5771806,0.0,0.0,71.0,5.0,1.0,1.0,0.0,7.0,1.0,,,,,,,,0,0.0,0.0,180.0,1.1072724108615393,0.0,10.0,61.0,61.0,0.8591549295774648,0.0,11.0,54.0,54.0,0.8307692307692308,,,
187,1020,232.0,0.0,7.460538987392236,0.0,4258,1756393285.331301,0.0,0.0,76.0,3.0,1.0,1.0,0.0,6.0,1.0,,,,,,,,1,0.0,0.0,263.0,0.9244636866995769,0.0,26.0,50.0,50.0,0.6578947368421053,0.0,25.0,60.0,60.0,0.7058823529411765,,,
190,1041,1405.0,0.0,11.430010143677272,0.0,16526,1759414802.94413,0.0,0.0,173.0,7.0,0.0,1.0,0.0,7.0,1.0,0.0,1.0,0.0,13.0,1.0,0.0,0.0,1,0.0,0.0,90.0,0.6857705850993089,,,,,,28.0,14.0,24.0,-4.0,0.36363636363636365,,,
191,1042,1256.0,0.0,10.516106933303103,0.0,4104,1762127713.4052746,0.0,0.0,96.0,9.0,1.0,2.0,,4.0,1.0,0.0,1.0,0.0,5.0,1.0,0.0,0.0,1,0.0,0.0,131.0,0.5923463313128244,52.0,35.0,9.0,-43.0,0.09375,87.0,37.0,40.0,-47.0,0.24390243902439024,,,
192,1050,293.0,0.0,14.770709873844975,0.0,948,1757579909.6263027,0.0,0.0,11.0,2.0,1.0,2.0,0.0,2.0,0.9090909090909091,0.0,1.0,0.0,2.0,1.0,0.0,0.0,1,0.0,0.0,97.0,0.31601597513537405,,,,,,,,,,,,,
194,1055,789.0,0.0,7.782751874514938,0.0,6272,1763729677.686141,0.0,0.0,193.0,15.0,0.0,1.0,,12.0,1.0,0.0,1.0,0.0,6.0,1.0,0.0,0.0,0,0.0,0.0,118.0,1.1908261612817275,34.0,118.0,0.0,-34.0,0.0,49.0,63.0,0.0,-49.0,0.0,,,
195,1056,475.0,0.0,12.96559670537696,0.0,2078,1760531249.4932249,0.0,0.0,28.0,2.0,1.0,2.0,0.0,2.0,1.0,0.0,1.0,0.0,6.0,1.0,0.0,0.0,0,10.0,0.0,10.0,0.3674984948272914,,,,,,,,,,,,,
197,1061,1303.0,0.0,12.94854760289261,0.0,6065,1759735229.6411307,0.0,0.0,78.0,7.0,1.0,1.0,0.0,2.0,1.0,0.0,1.0,0.0,6.0,1.0,0.0,0.0,0,9.0,0.0,158.0,0.5894040619876505,0.0,76.0,0.0,0.0,0.0,0.0,144.0,0.0,0.0,0.0,,,
198,1062,604.0,0.0,14.433432836286554,0.0,2327,1759363461.122012,0.0,0.0,52.0,3.0,1.0,2.0,0.0,3.0,1.0,0.0,1.0,0.0,2.0,1.0,0.0,0.0,1,0.0,0.0,99.0,0.476901028848406,,,,,,,,,,,,,
199,1063,488.0,0.0,13.428334101502454,0.0,2208,1760223772.161364,0.0,0.0,60.0,5.0,1.0,2.0,0.0,3.0,1.0,0.0,1.0,0.0,4.0,1.0,0.0,0.0,0,0.0,0.0,55.0,0.564669579752567,,,,,,,,,,,,,
202,1072,1174.0,0.0,11.462852723208377,0.0,11712,1761979262.1255057,0.0,0.0,67.0,6.0,1.0,2.0,0.0,4.0,1.0,0.0,1.0,0.0,2.0,1.0,0.0,0.0,0,9.0,0.0,43.0,0.6294050299415086,15.0,17.0,0.0,-15.0,0.0,37.0,61.0,8.0,-29.0,0.07547169811320754,,,
207,1078,372.0,0.0,13.320302633519487,0.0,2794,1756862957.9351516,0.0,0.0,3.0,1.0,1.0,1.0,0.0,1.0,1.0,,,,,,,,0,0.0,103.0,0.0,0.9444885341662053,,,,,,,,,,,,,
209,1080,2000.0,0.0,8.609003066578163,0.0,17749,1760944801.6436462,0.0,0.0,67.0,8.0,1.0,1.0,0.0,5.0,1.0,,,,,,,,0,55.0,125.0,80.0,0.9652078109598128,31.0,0.0,7.0,-24.0,0.18421052631578946,52.0,38.0,21.0,-31.0,0.1891891891891892,,,
220,1093,3099.0,0.0,6.556405568814772,0.0,32733,1761820610.0765054,0.0,0.0,24.0,2.0,1.0,1.0,0.0,2.0,0.9583333333333334,0.0,1.0,0.0,2.0,1.0,0.0,0.0,0,9.0,0.0,7.0,0.40108246113611584,,,,,,101.0,58.0,64.0,-37.0,0.28699551569506726,,,
222,1096,2189.0,0.0,12.637881076086824,0.0,18420,1761647421.7246273,0.0,0.0,208.0,20.0,0.0,2.0,0.0,14.0,1.0,0.0,1.0,0.0,6.0,1.0,0.0,0.0,1,0.0,30.0,172.0,0.8837161357243755,92.0,0.0,0.0,-92.0,0.0,127.0,5.0,24.0,-103.0,0.15384615384615385,,,
223,1097,4533.0,0.0,12.094891162044826,0.0,46440,1761820535.8558588,0.0,0.0,548.0,32.0,0.0,2.0,0.0,29.0,1.0,0.0,1.0,0.0,12.0,1.0,0.0,0.0,1,0.0,191.0,301.0,0.9812403593687715,89.0,86.0,68.0,-21.0,0.27983539094650206,172.0,95.0,103.0,-69.0,0.27837837837837837,,,
224,1098,4122.0,0.0,10.538588361241528,0.0,76237,1762380707.1537516,0.0,0.0,446.0,30.0,0.0,2.0,0.0,26.0,1.0,0.0,1.0,0.0,25.0,1.0,0.0,0.0,0,0.0,76.0,305.0,0.8116829928316757,69.0,87.0,4.0,-65.0,0.025,117.0,74.0,38.0,-79.0,0.16593886462882096,,,
225,1099,5074.0,0.0,8.334978125005435,0.0,85464,1761856560.2788846,0.0,0.0,754.0,32.0,0.0,2.0,0.0,43.0,1.0,0.0,1.0,0.0,8.0,1.0,0.0,0.0,1,0.0,254.0,259.0,0.8500829657897607,155.0,123.0,69.0,-86.0,0.1988472622478386,160.0,121.0,41.0,-119.0,0.12732919254658384,,,
226,1100,3562.0,0.0,11.45839830050793,0.0,28453,1761499633.2535193,0.0,0.0,439.0,29.0,0.0,2.0,0.0,23.0,0.9977220956719818,0.0,1.0,0.0,5.0,1.0,0.0,0.0,1,0.0,191.0,301.0,1.0900448880461564,104.0,18.0,23.0,-81.0,0.15862068965517243,139.0,60.0,32.0,-107.0,0.13852813852813853,,,
227,1101,2632.0,0.0,15.097637013019494,0.0,28927,1761062155.394432,0.0,0.0,234.0,19.0,0.0,2.0,0.0,16.0,1.0,0.0,1.0,0.0,25.0,1.0,0.0,0.0,0,0.0,95.0,148.0,0.7987409646591527,55.0,15.0,0.0,-55.0,0.0,61.0,23.0,0.0,-61.0,0.0,,,
228,1102,2495.0,0.0,13.99715692356179,0.0,22019,1761663530.3708932,0.0,0.0,273.0,17.0,0.0,2.0,0.0,18.0,1.0,0.0,1.0,0.0,7.0,1.0,0.0,0.0,0,32.0,30.0,133.0,0.9819377967229018,10.0,14.0,0.0,-10.0,0.0,19.0,37.0,6.0,-13.0,0.0967741935483871,,,
229,1103,3440.0,0.0,11.265872265538611,0.0,35645,1761368225.0117228,0.0,0.0,335.0,18.0,0.0,2.0,0.0,17.0,1.0,0.0,1.0,0.0,17.0,1.0,0.0,0.0,0,0.0,204.0,171.0,0.9748133293095895,148.0,29.0,0.0,-148.0,0.0,99.0,43.0,22.0,-77.0,0.13414634146341464,,,
230,1104,5335.0,0.0,15.860501986215803,0.0,78702,1761951571.4447272,0.0,0.0,498.0,31.0,0.0,2.0,0.0,24.0,0.9979919678714859,0.0,1.0,0.0,21.0,1.0,0.0,0.0,0,0.0,148.0,260.0,0.9567005671311039,107.0,56.0,78.0,-29.0,0.3236514522821577,101.0,39.0,32.0,-69.0,0.18604651162790697,,,
231,1105,1850.0,0.0,12.594562373182344,0.0,13301,1759479992.2847664,0.0,0.0,260.0,19.0,0.0,2.0,0.0,12.0,0.9961538461538462,0.0,1.0,0.0,9.0,1.0,0.0,0.0,0,0.0,0.0,195.0,0.9878365972947332,1.0,0.0,0.0,-1.0,0.0,48.0,5.0,0.0,-48.0,0.0,,,
232,1106,2410.0,0.0,12.098630894249508,0.0,21550,1761344562.025217,0.0,0.0,381.0,26.0,0.0,2.0,0.0,23.0,1.0,0.0,1.0,0.0,2.0,1.0,0.0,0.0,1,0.0,30.0,218.0,1.122111764338591,105.0,0.0,40.0,-65.0,0.27586206896551724,104.0,6.0,43.0,-61.0,0.28104575163398693,,,
233,1107,3862.0,0.0,11.639500358080525,0.0,39528,1762598089.5454414,0.0,0.0,570.0,32.0,0.0,2.0,0.0,18.0,1.0,0.0,1.0,0.0,6.0,1.0,0.0,0.0,1,0.0,287.0,355.0,1.123877426623591,52.0,0.0,67.0,15.0,0.5630252100840336,78.0,55.0,90.0,12.0,0.40358744394618834,,,
234,1110,2555.0,0.0,13.036609204630079,0.0,23782,1761500585.4282768,0.0,0.0,335.0,19.0,0.0,2.0,0.0,15.0,0.9970149253731343,0.0,1.0,0.0,2.0,1.0,0.0,0.0,1,0.0,73.0,177.0,0.9641853080215192,92.0,0.0,52.0,-40.0,0.3611111111111111,33.0,2.0,60.0,27.0,0.631578947368421,,,
235,1111,2997.0,0.0,12.34686822586554,0.0,41032,1760980928.6193593,0.0,0.0,395.0,28.0,0.0,2.0,0.0,28.0,0.9974683544303797,0.0,1.0,0.0,21.0,1.0,0.0,0.0,0,0.0,148.0,222.0,0.9183258619717254,55.0,0.0,8.0,-47.0,0.12698412698412698,114.0,0.0,26.0,-88.0,0.18571428571428572,,,
238,1114,2120.0,0.0,11.59153115484484,0.0,21701,1762300656.7413952,0.0,0.0,257.0,23.0,0.0,2.0,0.0,20.0,1.0,0.0,1.0,0.0,3.0,1.0,0.0,0.0,0,19.0,30.0,214.0,0.8296611719443799,52.0,8.0,30.0,-22.0,0.3333333333333333,72.0,14.0,31.0,-41.0,0.26495726495726496,,,
239,1115,1002.0,0.0,11.214783004746563,0.0,10167,1761794999.8702757,0.0,0.0,185.0,18.0,0.0,1.0,0.0,11.0,0.9891891891891892,0.0,1.0,0.0,3.0,1.0,0.0,0.0,0,0.0,0.0,143.0,1.0092114061073432,40.0,0.0,2.0,-38.0,0.047619047619047616,39.0,0.0,14.0,-25.0,0.2641509433962264,,,
240,1118,3875.0,0.0,10.351046134857746,0.0,102587,1763002619.3789988,0.0,0.0,332.0,24.0,0.0,2.0,0.0,26.0,1.0,0.0,1.0,0.0,20.0,1.0,0.0,0.0,1,0.0,30.0,279.0,0.8494431595241476,50.0,0.0,72.0,22.0,0.5901639344262295,138.0,56.0,117.0,-21.0,0.3762057877813505,,,
241,1119,4243.0,0.0,9.61795116510779,0.0,41727,1760735814.345736,0.0,0.0,416.0,21.0,0.0,2.0,0.0,20.0,1.0,0.0,1.0,0.0,15.0,1.0,0.0,0.0,0,20.0,81.0,260.0,1.2118276480419339,54.0,0.0,52.0,-2.0,0.49056603773584906,63.0,42.0,60.0,-3.0,0.36363636363636365,,,
242,1120,1239.0,0.0,10.930471956536582,0.0,6957,1761096101.6381173,0.0,0.0,169.0,20.0,0.0,1.0,0.0,18.0,0.9881656804733728,0.0,1.0,0.0,2.0,1.0,0.0,0.0,0,0.0,0.0,104.0,0.9958350369749136,53.0,1.0,1.0,-52.0,0.01818181818181818,56.0,17.0,7.0,-49.0,0.0875,,,
243,1121,1321.0,0.0,10.954368178466897,0.0,12292,1759704625.5022137,0.0,0.0,189.0,15.0,0.0,1.0,0.0,19.0,1.0,0.0,1.0,0.0,1.0,1.0,0.0,0.0,1,0.0,0.0,108.0,0.8991045208483788,25.0,0.0,4.0,-21.0,0.13793103448275862,24.0,0.0,7.0,-17.0,0.22580645161290322,,,
244,1122,1228.0,0.0,9.550140034973913,0.0,11282,1761100827.028128,0.0,0.0,242.0,16.0,0.0,1.0,0.0,18.0,0.9958677685950413,0.0,1.0,0.0,2.0,1.0,0.0,0.0,0,0.0,0.0,257.0,0.8886466698980793,0.0,40.0,0.0,0.0,0.0,9.0,48.0,0.0,-9.0,0.0,,,
245,1123,2140.0,0.0,12.248392789034462,0.0,23076,1761878319.3044596,0.0,0.0,468.0,21.0,0.0,1.0,0.0,27.0,1.0,0.0,1.0,0.0,2.0,1.0,0.0,0.0,1,0.0,0.0,143.0,0.9649052596642187,152.0,24.0,29.0,-123.0,0.14146341463414633,93.0,19.0,27.0,-66.0,0.19424460431654678,,,
250,1128,995.0,0.0,10.128776197031941,0.0,3769,1760948373.3272672,0.0,0.0,150.0,14.0,0.0,1.0,0.0,11.0,0.9933333333333333,,,,,,,,0,0.0,0.0,99.0,0.9819407868640977,36.0,0.0,5.0,-31.0,0.12195121951219512,21.0,5.0,5.0,-16.0,0.16129032258064516,,,
251,1129,1429.0,0.0,11.094042040804423,0.0,19258,1761148811.8168917,0.0,0.0,230.0,23.0,0.0,1.0,0.0,18.0,0.9956521739130435,0.0,1.0,0.0,1.0,1.0,0.0,0.0,0,0.0,0.0,167.0,0.9993571354984947,45.0,10.0,14.0,-31.0,0.2028985507246377,27.0,6.0,25.0,-2.0,0.43103448275862066,,,
253,1131,1459.0,0.0,11.540826740615696,0.0,10625,1762511243.7686343,0.0,0.0,323.0,17.0,0.0,1.0,0.0,11.0,0.9969040247678018,0.0,1.0,0.0,2.0,1.0,0.0,0.0,0,0.0,0.0,147.0,0.9723594643683988,132.0,0.0,72.0,-60.0,0.35294117647058826,59.0,0.0,50.0,-9.0,0.45871559633027525,,,
254,1132,1402.0,0.0,11.12306623560822,0.0,13444,1761350117.2558057,0.0,0.0,234.0,16.0,0.0,1.0,0.0,13.0,1.0,0.0,1.0,0.0,4.0,1.0,0.0,0.0,0,19.0,0.0,156.0,0.987004429810177,36.0,0.0,8.0,-28.0,0.18181818181818182,17.0,4.0,15.0,-2.0,0.4166666666666667,,,
257,1135,2554.0,0.0,17.336672694295856,0.0,17161,1761476253.0941942,0.0,0.0,310.0,21.0,0.0,1.0,0.0,16.0,1.0,0.0,1.0,0.0,4.0,1.0,0.0,0.0,1,0.0,0.0,240.0,0.9578630237479795,42.0,0.0,61.0,19.0,0.5922330097087378,25.0,0.0,52.0,27.0,0.6753246753246753,,,
260,1139,2664.0,0.0,12.996921826521993,0.0,26818,1761424069.5705378,0.0,0.0,256.0,21.0,0.0,2.0,0.0,15.0,0.99609375,0.0,1.0,0.0,14.0,1.0,0.0,0.0,0,0.0,154.0,181.0,0.8248870222534617,69.0,9.0,0.0,-69.0,0.0,90.0,62.0,0.0,-90.0,0.0,,,
262,1141,1668.0,0.0,8.872078880906775,0.0,14076,1760131381.1776087,0.0,0.0,185.0,15.0,0.0,2.0,0.0,11.0,1.0,0.0,1.0,0.0,10.0,1.0,0.0,0.0,0,0.0,130.0,118.0,0.9436528030117897,43.0,0.0,0.0,-43.0,0.0,69.0,13.0,12.0,-57.0,0.1276595744680851,,,
269,1149,2041.0,0.0,15.427218292949469,0.0,13514,1760876817.3698096,0.0,0.0,350.0,13.0,0.0,2.0,0.0,17.0,1.0,0.0,1.0,0.0,4.0,1.0,0.0,0.0,1,0.0,67.0,143.0,0.8426875196160334,0.0,0.0,119.0,119.0,1.0,5.0,0.0,38.0,33.0,0.8837209302325582,,,
270,1150,2478.0,0.0,11.16374324494246,0.0,25241,1760334958.1065283,0.0,0.0,303.0,25.0,0.0,2.0,0.0,22.0,1.0,0.0,1.0,0.0,6.0,1.0,0.0,0.0,0,0.0,56.0,208.0,1.21615286793922,72.0,0.0,0.0,-72.0,0.0,34.0,11.0,5.0,-29.0,0.1,,,
272,1152,2741.0,0.0,13.990397193945533,0.0,23782,1760547982.8260207,0.0,0.0,318.0,17.0,0.0,2.0,0.0,21.0,1.0,0.0,1.0,0.0,24.0,1.0,0.0,0.0,1,0.0,0.0,226.0,0.8330501694706474,59.0,55.0,37.0,-22.0,0.24503311258278146,76.0,70.0,23.0,-53.0,0.13609467455621302,,,
275,1155,3702.0,0.0,13.769394636862168,0.0,19009,1760676671.2272532,0.0,0.0,677.0,21.0,0.0,2.0,0.0,28.0,1.0,0.0,1.0,0.0,16.0,1.0,0.0,0.0,1,19.0,0.0,276.0,0.9846339626842908,34.0,103.0,73.0,39.0,0.3476190476190476,48.0,53.0,27.0,-21.0,0.2109375,,,
276,1158,1849.0,0.0,10.590385982970332,0.0,13878,1760961913.7123163,0.0,0.0,169.0,11.0,0.0,2.0,0.0,12.0,1.0,0.0,1.0,0.0,23.0,1.0,0.0,0.0,1,0.0,0.0,285.0,0.7075216333276518,63.0,11.0,0.0,-63.0,0.0,51.0,35.0,30.0,-21.0,0.25862068965517243,,,
278,1161,1799.0,0.0,10.023796813865518,0.0,9427,1760886010.3437,0.0,0.0,251.0,22.0,0.0,2.0,0.0,10.0,0.9760956175298805,0.0,1.0,0.0,4.0,1.0,0.0,0.0,1,0.0,56.0,163.0,0.8429759319431581,44.0,35.0,0.0,-44.0,0.0,49.0,95.0,22.0,-27.0,0.13253012048192772,,,
281,1164,2735.0,0.0,9.682119602761935,0.0,17060,1761495805.0932462,0.0,0.0,287.0,24.0,0.0,2.0,0.0,22.0,0.9965156794425087,0.0,1.0,0.0,9.0,1.0,0.0,0.0,1,0.0,26.0,234.0,0.7398974883790177,25.0,19.0,20.0,-5.0,0.3125,85.0,73.0,81.0,-4.0,0.3389121338912134,,,
284,1167,3423.0,0.0,13.882063443401439,0.0,14644,1762667244.5721138,0.0,0.0,286.0,28.0,0.0,2.0,0.0,19.0,0.9895104895104895,0.0,1.0,0.0,9.0,1.0,0.0,0.0,0,0.0,30.0,216.0,1.119474392012699,16.0,21.0,5.0,-11.0,0.11904761904761904,82.0,66.0,69.0,-13.0,0.31797235023041476,,,
285,1168,1832.0,0.0,7.851600495702757,0.0,25915,1760630000.0919495,0.0,0.0,207.0,17.0,0.0,2.0,0.0,18.0,0.9758454106280193,0.0,1.0,0.0,8.0,1.0,0.0,0.0,0,20.0,30.0,94.0,0.9864041588292105,11.0,28.0,3.0,-8.0,0.07142857142857142,86.0,62.0,78.0,-8.0,0.34513274336283184,,,
286,1169,1554.0,0.0,9.121646608302097,0.0,25632,1760574538.8934097,0.0,0.0,115.0,14.0,0.0,2.0,0.0,13.0,0.991304347826087,0.0,1.0,0.0,6.0,1.0,0.0,0.0,1,0.0,102.0,166.0,0.6657085311768084,1.0,8.0,3.0,2.0,0.25,64.0,58.0,40.0,-24.0,0.24691358024691357,,,
287,1170,3308.0,0.0,13.196106821878352,0.0,15275,1762444004.5580218,0.0,0.0,323.0,27.0,0.0,2.0,0.0,19.0,0.9938080495356038,0.0,1.0,0.0,3.0,1.0,0.0,0.0,0,0.0,56.0,198.0,1.0399499233988554,94.0,41.0,0.0,-94.0,0.0,106.0,120.0,76.0,-30.0,0.25165562913907286,,,
290,1173,1910.0,0.0,10.483903315992434,0.0,35114,1762695763.9879084,0.0,0.0,217.0,18.0,0.0,2.0,0.0,13.0,1.0,0.0,1.0,0.0,28.0,1.0,0.0,0.0,0,0.0,30.0,185.0,0.7356760031062836,38.0,19.0,0.0,-38.0,0.0,43.0,91.0,14.0,-29.0,0.0945945945945946,,,
293,1176,635.0,0.0,8.909496349858776,0.0,9780,1760615905.545648,0.0,0.0,168.0,13.0,0.0,2.0,0.0,11.0,0.9880952380952381,0.0,1.0,0.0,6.0,1.0,0.0,0.0,0,0.0,26.0,89.0,1.1186779372076356,0.0,3.0,13.0,13.0,0.8125,5.0,7.0,13.0,8.0,0.52,,,
294,1177,3165.0,0.0,13.272885397468176,0.0,18170,1761032902.7480206,0.0,0.0,433.0,17.0,0.0,2.0,0.0,14.0,0.9953810623556582,0.0,1.0,0.0,7.0,1.0,0.0,0.0,1,0.0,56.0,196.0,0.939478088192588,148.0,61.0,0.0,-148.0,0.0,176.0,49.0,74.0,-102.0,0.24749163879598662,,,
297,1180,709.0,0.0,7.566320875868113,0.0,41002,1758226017.4229102,0.0,0.0,44.0,3.0,0.0,1.0,0.0,3.0,1.0,0.0,1.0,0.0,4.0,1.0,0.0,0.0,0,9.0,30.0,34.0,1.1938642107750002,,,,,,0.0,33.0,12.0,12.0,0.26666666666666666,,,
298,1182,1063.0,0.0,10.07189096157323,0.0,6292,1760492347.5173857,0.0,0.0,94.0,7.0,0.0,1.0,0.0,7.0,1.0,,,,,,,,1,0.0,30.0,91.0,0.6906632266397297,8.0,6.0,0.0,-8.0,0.0,33.0,185.0,39.0,6.0,0.1517509727626459,,,
299,1183,2599.0,0.0,10.06579209704363,0.0,14224,1761280903.883985,0.0,0.0,337.0,22.0,0.0,2.0,0.0,21.0,1.0,0.0,1.0,0.0,7.0,1.0,0.0,0.0,1,0.0,0.0,207.0,0.7744186918414068,18.0,36.0,20.0,2.0,0.2702702702702703,26.0,137.0,33.0,7.0,0.1683673469387755,,,
301,1185,3251.0,0.0,12.108233456337109,0.0,17155,1760477310.4879913,0.0,0.0,332.0,23.0,0.0,2.0,0.0,18.0,1.0,0.0,1.0,0.0,9.0,1.0,0.0,0.0,0,0.0,26.0,195.0,0.9515677966931231,31.0,31.0,0.0,-31.0,0.0,157.0,30.0,11.0,-146.0,0.05555555555555555,,,
303,1187,2698.0,0.0,14.591448494717902,0.0,13346,1759650895.3170366,0.0,0.0,263.0,17.0,0.0,2.0,0.0,6.0,1.0,0.0,1.0,0.0,4.0,1.0,0.0,0.0,0,22.0,159.0,166.0,0.9014750585643263,,,,,,100.0,4.0,5.0,-95.0,0.045871559633027525,,,
305,1189,561.0,0.0,7.97717735970275,0.0,7073,1760005305.9568348,0.0,0.0,75.0,10.0,0.0,2.0,0.0,6.0,0.9733333333333334,0.0,1.0,0.0,3.0,1.0,0.0,0.0,1,0.0,56.0,44.0,0.9413293949091135,4.0,0.0,0.0,-4.0,0.0,66.0,1.0,8.0,-58.0,0.10666666666666667,,,
307,1191,1418.0,0.0,13.34220310324631,0.0,5144,1758849271.7990994,0.0,0.0,161.0,14.0,0.0,2.0,0.0,13.0,1.0,0.0,1.0,0.0,1.0,1.0,0.0,0.0,1,0.0,30.0,96.0,0.8610430178030799,59.0,0.0,0.0,-59.0,0.0,70.0,0.0,2.0,-68.0,0.027777777777777776,,,
311,1196,2061.0,0.0,11.609864107075227,0.0,10040,1760993728.8296888,0.0,0.0,174.0,14.0,0.0,2.0,0.0,15.0,1.0,0.0,1.0,0.0,10.0,1.0,0.0,0.0,0,0.0,0.0,122.0,0.863455767886106,40.0,8.0,15.0,-25.0,0.23809523809523808,153.0,39.0,23.0,-130.0,0.10697674418604651,,,
314,1199,2373.0,0.0,10.388576969134615,0.0,17618,1759801271.4878106,0.0,0.0,195.0,21.0,0.0,2.0,0.0,15.0,0.9948717948717949,0.0,1.0,0.0,10.0,1.0,0.0,0.0,1,0.0,30.0,172.0,0.9289268982671641,45.0,16.0,16.0,-29.0,0.2077922077922078,154.0,23.0,48.0,-106.0,0.21333333333333335,,,
316,1201,1481.0,0.0,8.123744275798664,0.0,16668,1764312705.261214,0.0,0.0,249.0,20.0,0.0,1.0,,15.0,1.0,0.0,1.0,0.0,11.0,1.0,0.0,0.0,1,0.0,0.0,256.0,1.3313291240770022,39.0,65.0,94.0,55.0,0.47474747474747475,79.0,79.0,96.0,17.0,0.3779527559055118,,,
318,1204,645.0,0.0,8.480729164040508,0.0,6389,1763667397.547619,0.0,0.0,130.0,13.0,0.0,1.0,,9.0,1.0,0.0,1.0,0.0,2.0,1.0,0.0,0.0,0,0.0,0.0,152.0,1.3179776002735206,44.0,33.0,34.0,-10.0,0.3063063063063063,57.0,34.0,9.0,-48.0,0.09,,,
319,1205,1246.0,0.0,10.39049111783891,0.0,12684,1764570656.562996,0.0,0.0,242.0,18.0,0.0,1.0,,11.0,1.0,0.0,1.0,0.0,13.0,1.0,0.0,0.0,1,0.0,0.0,116.0,1.384259922798587,28.0,49.0,128.0,100.0,0.624390243902439,47.0,23.0,109.0,62.0,0.6089385474860335,,,
321,1207,1709.0,0.0,10.432230918763254,0.0,10141,1764313617.730826,0.0,0.0,334.0,16.0,0.0,1.0,,14.0,1.0,0.0,1.0,0.0,6.0,1.0,0.0,0.0,1,0.0,0.0,180.0,1.4002338296697834,59.0,87.0,152.0,93.0,0.5100671140939598,91.0,65.0,53.0,-38.0,0.2535885167464115,,,
324,1224,2068.0,0.0,12.426082528233609,0.0,54641,1764684408.1254811,0.0,0.0,116.0,9.0,1.0,2.0,0.0,5.0,0.9913793103448276,0.0,1.0,0.0,5.0,1.0,0.0,0.0,0,9.0,0.0,235.0,0.7200411540359073,82.0,5.0,28.0,-54.0,0.24347826086956523,85.0,37.0,51.0,-34.0,0.2947976878612717,,,
325,1225,19.0,0.0,1.6446095342420408,0.0,210,1765619210.2602406,0.0,0.0,1.0,1.0,1.0,1.0,,1.0,0.0,,,,,,,,1,0.0,0.0,195.0,0.4394969869215134,0.0,0.0,1.0,1.0,1.0,0.0,0.0,16.0,16.0,1.0,,,
328,1228,2593.0,0.0,11.224263841897173,0.0,21258,1762179462.737144,0.0,0.0,112.0,7.0,1.0,2.0,0.0,7.0,1.0,0.0,1.0,0.0,13.0,1.0,0.0,0.0,1,0.0,0.0,67.0,0.440923438918866,0.0,68.0,42.0,42.0,0.38181818181818183,80.0,132.0,60.0,-20.0,0.22058823529411764,,,
329,1230,640.0,0.0,11.476782421589752,0.0,2965,1758137241.6598506,0.0,0.0,106.0,7.0,1.0,1.0,0.0,6.0,0.9905660377358491,0.0,1.0,0.0,3.0,1.0,0.0,0.0,1,0.0,0.0,145.0,0.7259501452943734,,,,,,,,,,,,,
334,1236,4837.0,0.0,14.902311818960323,0.0,18969,1763804285.7843065,0.0,0.0,505.0,19.0,0.0,2.0,,16.0,1.0,0.0,1.0,0.0,11.0,1.0,0.0,0.0,0,59.0,0.0,175.0,1.4482555909885764,66.0,106.0,239.0,173.0,0.5815085158150851,119.0,66.0,99.0,-20.0,0.3485915492957746,,,
335,1237,767.0,0.0,8.600620464364052,0.0,6089,1764074826.1532674,0.0,0.0,176.0,16.0,0.0,1.0,,11.0,1.0,0.0,1.0,0.0,2.0,1.0,0.0,0.0,0,0.0,0.0,177.0,1.377625528226277,29.0,29.0,81.0,52.0,0.5827338129496403,29.0,59.0,34.0,5.0,0.2786885245901639,,,
338,1241,1458.0,0.0,9.197285194502173,0.0,9990,1759785489.7106268,0.0,0.0,,,,,,,,0.0,1.0,0.0,3.0,1.0,0.0,0.0,0,0.0,0.0,35.0,0.18970077525645002,,,,,,31.0,34.0,23.0,-8.0,0.26136363636363635,,,
340,1243,751.0,0.0,8.802011889055816,0.0,5943,1760118897.597547,0.0,0.0,,,,,,,,0.0,1.0,0.0,2.0,1.0,0.0,0.0,0,0.0,0.0,15.0,0.13640409431087364,,,,,,27.0,5.0,0.0,-27.0,0.0,,,
342,1245,692.0,0.0,8.513827423235073,0.0,34449,1761851227.4144852,0.0,0.0,23.0,1.0,0.0,1.0,,1.0,1.0,0.0,1.0,0.0,6.0,1.0,0.0,0.0,0,0.0,0.0,21.0,0.4946356930221003,0.0,23.0,0.0,0.0,0.0,40.0,32.0,16.0,-24.0,0.18181818181818182,,,
356,1259,2754.0,0.0,16.379333798563877,0.0,15307,1761988310.7508628,0.0,0.0,379.0,24.0,0.0,2.0,0.0,11.0,1.0,0.0,1.0,0.0,19.0,1.0,0.0,0.0,0,10.0,0.0,192.0,0.7506413883590385,135.0,39.0,25.0,-110.0,0.12562814070351758,125.0,78.0,35.0,-90.0,0.14705882352941177,,,
359,1262,668.0,0.0,7.748627684001679,0.0,3162,1761641333.739942,0.0,0.0,,,,,,,,0.0,1.0,0.0,2.0,1.0,0.0,0.0,0,0.0,0.0,13.0,0.08112608570492466,,,,,,19.0,18.0,3.0,-16.0,0.075,,,
363,1267,3037.0,0.0,13.096519654464302,0.0,28289,1760699697.7414935,0.0,0.0,410.0,21.0,0.0,1.0,0.0,12.0,1.0,0.0,1.0,0.0,1.0,1.0,0.0,0.0,0,0.0,0.0,152.0,0.8418139323515107,119.0,91.0,0.0,-119.0,0.0,59.0,40.0,20.0,-39.0,0.16806722689075632,,,
366,1270,2953.0,0.0,11.899502549955303,0.0,21030,1761067498.62914,0.0,0.0,527.0,27.0,0.0,2.0,0.0,24.0,0.9981024667931688,0.0,1.0,0.0,14.0,1.0,0.0,0.0,0,10.0,0.0,225.0,0.8940307415290512,116.0,26.0,5.0,-111.0,0.034013605442176874,87.0,70.0,34.0,-53.0,0.17801047120418848,,,
370,1274,1254.0,0.0,10.44316222815012,0.0,6417,1759807172.6579041,0.0,0.0,221.0,21.0,0.0,1.0,0.0,7.0,0.995475113122172,0.0,1.0,0.0,1.0,1.0,0.0,0.0,0,0.0,0.0,161.0,0.6899288483664249,0.0,127.0,0.0,0.0,0.0,23.0,54.0,2.0,-21.0,0.02531645569620253,,,
378,1285,1133.0,0.0,8.504362932749578,0.0,34875,1759776894.6766887,0.0,0.0,151.0,18.0,0.0,2.0,0.0,18.0,1.0,0.0,1.0,0.0,4.0,1.0,0.0,0.0,1,0.0,30.0,96.0,0.8077110632791221,25.0,9.0,0.0,-25.0,0.0,50.0,27.0,19.0,-31.0,0.19791666666666666,,,
379,1286,1062.0,0.0,9.741965712922791,0.0,6752,1760604566.6900988,0.0,0.0,166.0,15.0,0.0,1.0,0.0,12.0,0.9759036144578314,0.0,1.0,0.0,1.0,1.0,0.0,0.0,1,0.0,0.0,76.0,0.7756687501716278,21.0,12.0,0.0,-21.0,0.0,41.0,22.0,11.0,-30.0,0.14864864864864866,,,
380,1287,941.0,0.0,8.747660788006447,0.0,8580,1760126939.6016383,0.0,0.0,51.0,7.0,0.0,1.0,0.0,9.0,0.9803921568627451,,,,,,,,1,0.0,56.0,76.0,0.6487746672212129,2.0,0.0,0.0,-2.0,0.0,34.0,54.0,7.0,-27.0,0.07368421052631578,,,
381,1288,4848.0,0.0,10.554985413364097,0.0,48502,1761063374.1134212,0.0,0.0,453.0,23.0,1.0,2.0,0.0,30.0,0.9977924944812362,0.0,1.0,0.0,11.0,1.0,0.0,0.0,1,0.0,41.0,163.0,0.9774022931137457,73.0,52.0,0.0,-73.0,0.0,134.0,133.0,78.0,-56.0,0.22608695652173913,,,
382,1289,3241.0,0.0,10.699200504474893,0.0,34759,1760551822.333888,0.0,0.0,310.0,24.0,1.0,2.0,0.0,24.0,0.9967741935483871,0.0,1.0,0.0,15.0,1.0,0.0,0.0,1,0.0,18.0,228.0,0.7723947502839262,48.0,3.0,0.0,-48.0,0.0,137.0,126.0,64.0,-73.0,0.19571865443425077,,,
383,1290,3405.0,0.0,9.631724764877884,0.0,25479,1761078698.9360387,0.0,0.0,378.0,22.0,1.0,2.0,0.0,30.0,0.9973544973544973,0.0,1.0,0.0,9.0,1.0,0.0,0.0,1,0.0,78.0,132.0,0.9909579418369778,39.0,58.0,66.0,27.0,0.4049079754601227,107.0,96.0,118.0,11.0,0.367601246105919,,,
386,1293,2619.0,0.0,9.789352804191187,0.0,40627,1760160570.9032683,0.0,0.0,302.0,24.0,1.0,2.0,0.0,30.0,0.9933774834437086,0.0,1.0,0.0,7.0,1.0,0.0,0.0,0,9.0,62.0,165.0,1.046513189316125,28.0,47.0,26.0,-2.0,0.25742574257425743,45.0,96.0,63.0,18.0,0.3088235294117647,,,
387,1294,5354.0,0.0,9.766638035755571,0.0,81240,1761124571.8883877,0.0,0.0,584.0,25.0,1.0,2.0,0.0,42.0,1.0,0.0,1.0,0.0,12.0,1.0,0.0,0.0,1,0.0,40.0,207.0,0.90121955571933,51.0,54.0,2.0,-49.0,0.018691588785046728,145.0,213.0,59.0,-86.0,0.14148681055155876,,,
388,1295,4093.0,0.0,8.151898016669904,0.0,65827,1761136624.9453678,0.0,0.0,519.0,25.0,1.0,2.0,0.0,40.0,1.0,0.0,1.0,0.0,13.0,1.0,0.0,0.0,1,0.0,19.0,103.0,0.9208129951140596,43.0,57.0,42.0,-1.0,0.29577464788732394,121.0,132.0,129.0,8.0,0.337696335078534,,,
389,1296,4241.0,0.0,13.00879199164894,0.0,33098,1760632979.129831,0.0,0.0,311.0,23.0,1.0,2.0,0.0,25.0,1.0,0.0,1.0,0.0,14.0,1.0,0.0,0.0,0,0.0,19.0,223.0,0.7404623096459372,37.0,30.0,0.0,-37.0,0.0,87.0,160.0,70.0,-17.0,0.22082018927444794,,,
391,1299,3833.0,0.0,9.670283599720506,0.0,28793,1760370805.8245804,0.0,0.0,377.0,23.0,1.0,2.0,0.0,24.0,1.0,0.0,1.0,0.0,2.0,1.0,0.0,0.0,1,0.0,22.0,239.0,0.7999500085339484,23.0,41.0,0.0,-23.0,0.0,158.0,113.0,107.0,-51.0,0.2830687830687831,,,
392,1300,3081.0,0.0,21.006255426366746,0.0,8945,1762312202.0913923,0.0,0.0,153.0,12.0,1.0,1.0,0.0,13.0,0.9934640522875817,0.0,1.0,0.0,1.0,1.0,0.0,0.0,1,0.0,0.0,45.0,0.8304458856101217,23.0,0.0,58.0,35.0,0.7160493827160493,61.0,0.0,365.0,304.0,0.8568075117370892,,,
395,1303,8741.0,0.0,11.577888549303882,0.0,66748,1761696327.8920689,0.0,0.0,475.0,22.0,1.0,1.0,0.0,37.0,1.0,0.0,1.0,0.0,13.0,1.0,0.0,0.0,0,0.0,66.0,54.0,0.8990577043965866,72.0,74.0,0.0,-72.0,0.0,202.0,318.0,165.0,-37.0,0.24087591240875914,,,
396,1304,4165.0,0.0,12.2246726539246,0.0,39665,1760208712.549752,0.0,0.0,478.0,25.0,1.0,2.0,0.0,30.0,0.997907949790795,0.0,1.0,0.0,3.0,1.0,0.0,0.0,1,9.0,41.0,205.0,1.0741151034142609,43.0,68.0,5.0,-38.0,0.04310344827586207,132.0,70.0,128.0,-4.0,0.3878787878787879,,,
397,1305,3497.0,0.0,9.789993335995762,0.0,23737,1760817554.0864563,0.0,0.0,480.0,24.0,1.0,2.0,0.0,39.0,0.9958333333333333,0.0,1.0,0.0,5.0,1.0,0.0,0.0,0,0.0,61.0,179.0,1.0241598908812337,33.0,26.0,13.0,-20.0,0.18055555555555555,76.0,97.0,109.0,33.0,0.38652482269503546,,,
399,1307,4721.0,0.0,12.464344458170961,0.0,27609,1761228386.5363905,0.0,0.0,431.0,22.0,1.0,2.0,0.0,27.0,0.9953596287703016,0.0,1.0,0.0,11.0,1.0,0.0,0.0,0,0.0,63.0,144.0,0.8807322844364303,20.0,23.0,29.0,9.0,0.4027777777777778,86.0,169.0,85.0,-1.0,0.25,,,
400,1308,4047.0,0.0,15.011971031653587,0.0,46621,1759850722.9710364,0.0,0.0,540.0,26.0,1.0,2.0,0.0,26.0,1.0,0.0,1.0,0.0,4.0,1.0,0.0,0.0,0,0.0,62.0,174.0,1.131890447420118,39.0,85.0,38.0,-1.0,0.2345679012345679,129.0,144.0,112.0,-17.0,0.2909090909090909,,,
402,1310,2773.0,0.0,13.938304415832686,0.0,15768,1761577559.0514858,0.0,0.0,206.0,18.0,1.0,1.0,0.0,17.0,0.9902912621359223,0.0,1.0,0.0,3.0,1.0,0.0,0.0,0,0.0,19.0,24.0,1.1747579731719544,49.0,30.0,0.0,-49.0,0.0,76.0,135.0,48.0,-28.0,0.18532818532818532,,,
403,1311,8848.0,0.0,12.553921198932224,0.0,68875,1761956021.6337848,0.0,0.0,676.0,23.0,1.0,2.0,0.0,38.0,1.0,0.0,1.0,0.0,12.0,1.0,0.0,0.0,0,0.0,82.0,107.0,0.9545691625137271,72.0,138.0,7.0,-65.0,0.03225806451612903,314.0,259.0,189.0,-125.0,0.24803149606299213,,,
404,1312,1735.0,0.0,14.731117523553747,0.0,17001,1761188496.9539783,0.0,0.0,277.0,17.0,1.0,2.0,0.0,18.0,0.9891696750902527,0.0,1.0,0.0,1.0,1.0,0.0,0.0,1,0.0,0.0,73.0,1.0468425953765672,62.0,30.0,10.0,-52.0,0.09803921568627451,50.0,50.0,55.0,5.0,0.3548387096774194,,,
408,1317,3962.0,0.0,11.822955159675097,0.0,56823,1761506228.8548312,0.0,0.0,496.0,21.0,1.0,2.0,0.0,29.0,1.0,0.0,1.0,0.0,15.0,1.0,0.0,0.0,0,0.0,59.0,103.0,0.9369745766403481,8.0,46.0,0.0,-8.0,0.0,123.0,192.0,116.0,-7.0,0.2691415313225058,,,
417,1330,1531.0,0.0,7.063348678139235,0.0,26296,1760952486.754125,0.0,0.0,45.0,5.0,0.0,2.0,0.0,6.0,1.0,0.0,1.0,0.0,6.0,1.0,0.0,0.0,0,19.0,30.0,29.0,0.8337701931609371,2.0,0.0,0.0,-2.0,0.0,63.0,49.0,41.0,-22.0,0.2679738562091503,,,
419,1336,465.0,0.0,10.113892609694984,0.0,7259,1758746845.1643786,0.0,0.0,50.0,7.0,0.0,1.0,0.0,5.0,0.98,0.0,1.0,0.0,3.0,1.0,0.0,0.0,0,0.0,0.0,57.0,1.1555049259106545,0.0,0.0,5.0,5.0,1.0,0.0,0.0,6.0,6.0,1.0,,,
423,1340,755.0,0.0,8.060119625732494,0.0,20209,1759667202.7471952,0.0,0.0,85.0,9.0,0.0,1.0,0.0,11.0,1.0,0.0,1.0,0.0,8.0,1.0,0.0,0.0,0,0.0,0.0,48.0,0.8981628884292211,1.0,3.0,8.0,7.0,0.6666666666666666,36.0,15.0,14.0,-22.0,0.2153846153846154,,,
426,1343,1507.0,0.0,12.90954281403913,0.0,15712,1759589573.7763846,0.0,0.0,192.0,13.0,0.0,2.0,0.0,12.0,0.9947916666666666,0.0,1.0,0.0,17.0,1.0,0.0,0.0,0,0.0,0.0,180.0,1.057304663906053,,,,,,,,,,,,,
430,1347,4761.0,0.0,12.982614162882987,0.0,41414,1761756267.3940902,0.0,0.0,458.0,39.0,0.0,2.0,0.0,28.0,1.0,0.0,1.0,0.0,14.0,1.0,0.0,0.0,1,0.0,0.0,357.0,0.8383625323821581,60.0,163.0,17.0,-43.0,0.07083333333333333,66.0,146.0,41.0,-25.0,0.16205533596837945,,,
433,1350,2032.0,0.0,16.430659938426228,0.0,8920,1759864564.2978108,0.0,0.0,196.0,19.0,0.0,2.0,0.0,9.0,0.9948979591836735,0.0,1.0,0.0,2.0,1.0,0.0,0.0,0,0.0,30.0,156.0,0.8642348631448196,62.0,8.0,3.0,-59.0,0.0410958904109589,51.0,14.0,31.0,-20.0,0.3229166666666667,,,
435,1354,6140.0,0.0,11.236038301242157,0.0,70097,1759860014.6565478,0.0,0.0,1214.0,33.0,1.0,2.0,0.0,46.0,0.999176276771005,0.0,1.0,0.0,21.0,1.0,0.0,0.0,0,0.0,19.0,277.0,0.9196664080443491,115.0,2.0,32.0,-83.0,0.21476510067114093,285.0,199.0,69.0,-216.0,0.12477396021699819,,,
436,1356,5353.0,0.0,11.74210351178901,0.0,94117,1761339286.5510862,0.0,0.0,680.0,43.0,0.0,2.0,0.0,33.0,1.0,0.0,1.0,0.0,18.0,1.0,0.0,0.0,1,0.0,0.0,373.0,0.8362105858733971,179.0,255.0,18.0,-161.0,0.03982300884955752,226.0,163.0,62.0,-164.0,0.13747228381374724,,,
437,1357,2588.0,0.0,12.31531855997671,0.0,29202,1761942899.7121809,0.0,0.0,205.0,21.0,0.0,2.0,0.0,16.0,0.9951219512195122,0.0,1.0,0.0,17.0,1.0,0.0,0.0,0,0.0,0.0,247.0,0.5187581971151454,37.0,92.0,0.0,-37.0,0.0,129.0,114.0,5.0,-124.0,0.020161290322580645,,,
438,1359,3033.0,0.0,11.496630598792956,0.0,43554,1762009095.399964,0.0,0.0,494.0,34.0,0.0,2.0,0.0,28.0,0.9979757085020243,0.0,1.0,0.0,12.0,1.0,0.0,0.0,0,0.0,0.0,230.0,0.961826485292272,116.0,43.0,0.0,-116.0,0.0,89.0,92.0,4.0,-85.0,0.021621621621621623,,,
443,1364,11415.0,0.0,18.56589976294497,0.0,47278,1759770908.96216,0.0,0.0,863.0,29.0,1.0,2.0,0.0,44.0,1.0,0.0,1.0,0.0,17.0,1.0,0.0,0.0,0,27.0,128.0,215.0,1.0904027362484257,84.0,10.0,22.0,-62.0,0.1896551724137931,210.0,125.0,80.0,-130.0,0.1927710843373494,,,
451,1372,6221.0,0.0,11.853827944487973,0.0,59597,1761537141.8068805,0.0,0.0,1353.0,30.0,1.0,2.0,0.0,42.0,1.0,0.0,1.0,0.0,20.0,1.0,0.0,0.0,1,0.0,0.0,236.0,0.9981075820022808,127.0,156.0,116.0,-11.0,0.2907268170426065,159.0,130.0,55.0,-104.0,0.15988372093023256,,,
455,1379,2078.0,0.0,11.388266133429648,0.0,15069,1759621283.534501,0.0,0.0,239.0,19.0,0.0,1.0,0.0,14.0,1.0,0.0,1.0,0.0,4.0,1.0,0.0,0.0,0,0.0,71.0,231.0,1.0395866255529347,21.0,2.0,0.0,-21.0,0.0,48.0,7.0,17.0,-31.0,0.2361111111111111,,,
456,1380,5326.0,0.0,11.558607435595656,0.0,37106,1761393668.8988316,0.0,0.0,765.0,33.0,1.0,2.0,0.0,43.0,0.9973856209150327,0.0,1.0,0.0,13.0,1.0,0.0,0.0,0,91.0,0.0,277.0,1.0405196128728622,35.0,70.0,65.0,30.0,0.38235294117647056,95.0,216.0,160.0,65.0,0.33970276008492567,,,
459,1384,1112.0,0.0,8.58465273962219,0.0,11465,1764395513.2463703,0.0,0.0,186.0,17.0,0.0,1.0,,13.0,1.0,0.0,1.0,0.0,5.0,1.0,0.0,0.0,1,0.0,0.0,176.0,1.3347745699379365,38.0,72.0,74.0,36.0,0.40217391304347827,78.0,84.0,57.0,-21.0,0.2602739726027397,,,
460,1386,1312.0,0.0,10.050114867312956,0.0,12846,1764361845.0606833,0.0,0.0,228.0,18.0,0.0,1.0,,15.0,1.0,0.0,1.0,0.0,6.0,1.0,0.0,0.0,1,0.0,0.0,192.0,1.3216784185847352,17.0,89.0,89.0,72.0,0.4564102564102564,27.0,65.0,76.0,49.0,0.4523809523809524,,,
461,1387,403.0,0.0,12.399830829710265,0.0,4881,1764568187.811373,0.0,0.0,110.0,9.0,0.0,1.0,,6.0,1.0,0.0,1.0,0.0,3.0,1.0,0.0,0.0,1,0.0,0.0,94.0,0.9690632527820695,0.0,45.0,52.0,52.0,0.5360824742268041,0.0,27.0,26.0,26.0,0.49056603773584906,,,
462,1389,515.0,0.0,20.591894139045504,0.0,2793,1757161676.767365,0.0,0.0,72.0,4.0,0.0,1.0,0.0,3.0,1.0,0.0,1.0,0.0,3.0,1.0,0.0,0.0,0,0.0,0.0,33.0,0.9896363038042916,0.0,0.0,18.0,18.0,1.0,0.0,0.0,10.0,10.0,1.0,,,
464,1393,1139.0,0.0,8.959734893713659,0.0,10978,1764159736.5916123,0.0,0.0,218.0,18.0,0.0,1.0,,13.0,1.0,0.0,1.0,0.0,11.0,1.0,0.0,0.0,1,0.0,0.0,152.0,1.3538896857186602,17.0,47.0,124.0,107.0,0.6595744680851063,40.0,68.0,61.0,21.0,0.3609467455621302,,,
465,1394,3462.0,0.0,13.13376082391907,0.0,17862,1761835365.0784237,0.0,0.0,474.0,25.0,1.0,2.0,0.0,13.0,1.0,0.0,1.0,0.0,15.0,1.0,0.0,0.0,0,0.0,0.0,193.0,1.0563748610903128,0.0,74.0,0.0,0.0,0.0,76.0,168.0,25.0,-51.0,0.09293680297397769,,,
466,1395,3219.0,0.0,11.629239225247302,0.0,13232,1760215952.5640283,0.0,0.0,319.0,19.0,1.0,2.0,0.0,27.0,0.9968652037617555,0.0,1.0,0.0,29.0,1.0,0.0,0.0,0,0.0,0.0,205.0,0.9201507152814685,39.0,29.0,3.0,-36.0,0.04225352112676056,95.0,71.0,79.0,-16.0,0.3224489795918367,,,
467,1396,1208.0,0.0,9.436853684743252,0.0,11508,1763913861.4566057,0.0,0.0,196.0,16.0,0.0,1.0,,9.0,1.0,0.0,1.0,0.0,6.0,1.0,0.0,0.0,1,0.0,0.0,177.0,1.5071270332394708,18.0,56.0,95.0,77.0,0.5621301775147929,87.0,107.0,35.0,-52.0,0.15283842794759825,,,
468,1397,596.0,0.0,9.097106978033095,0.0,4030,1764200479.802095,0.0,0.0,124.0,13.0,0.0,2.0,,11.0,0.9919354838709677,0.0,1.0,0.0,3.0,1.0,0.0,0.0,1,0.0,0.0,86.0,1.5503479964504263,56.0,16.0,48.0,-8.0,0.4,54.0,40.0,32.0,-22.0,0.25396825396825395,,,
469,1398,816.0,0.0,9.20233159460714,0.0,6305,1764429040.0204668,0.0,0.0,214.0,17.0,0.0,1.0,,10.0,1.0,0.0,1.0,0.0,5.0,1.0,0.0,0.0,1,0.0,0.0,122.0,1.2566565677281312,17.0,34.0,122.0,105.0,0.7052023121387283,37.0,50.0,54.0,17.0,0.3829787234042553,,,
470,1399,529.0,0.0,7.306990366412844,0.0,6021,1763839143.7086287,0.0,0.0,110.0,14.0,0.0,1.0,,11.0,0.9818181818181818,0.0,1.0,0.0,2.0,1.0,0.0,0.0,1,0.0,0.0,89.0,1.352695454568607,36.0,27.0,37.0,1.0,0.37,56.0,30.0,30.0,-26.0,0.25862068965517243,,,
471,1400,1333.0,0.0,9.904060210358468,0.0,4435,1760775080.2403462,0.0,0.0,184.0,14.0,1.0,2.0,0.0,9.0,0.9945652173913043,0.0,1.0,0.0,6.0,1.0,0.0,0.0,0,0.0,0.0,161.0,0.8774604899997778,19.0,44.0,0.0,-19.0,0.0,42.0,57.0,23.0,-19.0,0.1885245901639344,,,
476,1406,4927.0,0.0,13.857770845262962,0.0,14173,1760669890.387908,0.0,0.0,239.0,18.0,1.0,2.0,0.0,13.0,1.0,0.0,1.0,0.0,12.0,1.0,0.0,0.0,1,0.0,19.0,214.0,0.6203875817366157,15.0,22.0,0.0,-15.0,0.0,63.0,46.0,19.0,-44.0,0.1484375,,,
478,1408,471.0,0.0,6.359800025232546,0.0,10521,1761023726.2921674,0.0,0.0,19.0,4.0,0.0,2.0,0.0,3.0,1.0,0.0,1.0,0.0,7.0,1.0,0.0,0.0,0,0.0,0.0,8.0,0.9656128179455293,13.0,0.0,0.0,-13.0,0.0,25.0,5.0,17.0,-8.0,0.3617021276595745,,,
480,1410,1800.0,0.0,14.78674267032439,0.0,9121,1762323667.2612948,0.0,0.0,228.0,10.0,0.0,1.0,0.0,6.0,0.9956140350877193,0.0,1.0,0.0,6.0,1.0,0.0,0.0,1,0.0,0.0,72.0,0.8878663644267949,59.0,120.0,40.0,-19.0,0.182648401826484,51.0,169.0,106.0,55.0,0.32515337423312884,,,
482,1412,133.0,0.0,5.621108801851485,0.0,3077,1759382349.1121166,0.0,0.0,,,,,,,,,,,,,,,0,0.0,30.0,102.0,0.8238116333123173,,,,,,5.0,14.0,0.0,-5.0,0.0,,,
485,1415,189.0,0.0,5.428681655044507,0.0,4255,1759730518.0272946,0.0,0.0,6.0,1.0,0.0,1.0,0.0,1.0,1.0,0.0,1.0,0.0,2.0,1.0,0.0,0.0,0,0.0,30.0,8.0,0.5677314545847301,,,,,,17.0,15.0,0.0,-17.0,0.0,,,
486,1418,2172.0,0.0,10.390390578017726,0.0,15671,1759832902.1970196,0.0,0.0,215.0,15.0,0.0,2.0,0.0,14.0,0.9953488372093023,0.0,1.0,0.0,8.0,1.0,0.0,0.0,0,53.0,0.0,143.0,1.1678786429097536,15.0,0.0,27.0,12.0,0.6428571428571429,80.0,34.0,61.0,-19.0,0.3485714285714286,,,
488,1420,508.0,0.0,7.968222333392176,0.0,12091,1759177036.0522833,0.0,0.0,62.0,7.0,1.0,1.0,0.0,8.0,0.967741935483871,0.0,1.0,0.0,1.0,1.0,0.0,0.0,0,18.0,79.0,17.0,0.856366921577726,,,,,,28.0,4.0,10.0,-18.0,0.23809523809523808,,,
489,1421,1410.0,0.0,12.459457384326264,0.0,5686,1759452420.8666515,0.0,0.0,145.0,11.0,1.0,2.0,0.0,15.0,0.9724137931034482,0.0,1.0,0.0,3.0,1.0,0.0,0.0,0,0.0,0.0,285.0,0.7826421066814853,11.0,1.0,1.0,-10.0,0.07692307692307693,65.0,15.0,14.0,-51.0,0.14893617021276595,,,
490,1423,1019.0,0.0,8.926701902866546,0.0,7158,1759367162.8928883,0.0,0.0,53.0,6.0,1.0,1.0,0.0,6.0,1.0,0.0,1.0,0.0,3.0,1.0,0.0,0.0,1,0.0,0.0,60.0,0.6585389639533891,18.0,0.0,0.0,-18.0,0.0,21.0,49.0,0.0,-21.0,0.0,,,
497,1430,1569.0,0.0,11.56258528369675,0.0,8990,1761127070.0006425,0.0,0.0,223.0,12.0,0.0,2.0,0.0,8.0,0.9955156950672646,0.0,1.0,0.0,9.0,1.0,0.0,0.0,1,11.0,0.0,177.0,0.9702820417537683,46.0,0.0,0.0,-46.0,0.0,106.0,36.0,62.0,-44.0,0.30392156862745096,,,
505,1438,2405.0,0.0,11.289118610034723,0.0,11247,1760947609.3663104,0.0,0.0,215.0,12.0,0.0,2.0,0.0,8.0,0.9906976744186047,0.0,1.0,0.0,8.0,1.0,0.0,0.0,0,0.0,95.0,82.0,0.9738779320254551,54.0,0.0,24.0,-30.0,0.3076923076923077,139.0,54.0,33.0,-106.0,0.14601769911504425,,,
516,1451,424.0,0.0,14.359901817788511,0.0,1853,1759602892.2777684,0.0,0.0,38.0,6.0,1.0,1.0,0.0,3.0,0.9473684210526315,,,,,,,,1,0.0,0.0,30.0,0.7300166301457938,10.0,0.0,0.0,-10.0,0.0,67.0,0.0,0.0,-67.0,0.0,,,
523,1466,3976.0,0.0,13.513360459216795,0.0,50002,1761141120.3797138,0.0,0.0,621.0,32.0,0.0,2.0,0.0,21.0,1.0,0.0,1.0,0.0,7.0,1.0,0.0,0.0,1,0.0,137.0,262.0,1.042346370565239,71.0,175.0,38.0,-33.0,0.13380281690140844,76.0,164.0,160.0,84.0,0.4,,,
524,1467,3607.0,0.0,13.526632055539967,0.0,34797,1760100720.0501318,0.0,0.0,379.0,34.0,0.0,2.0,0.0,16.0,1.0,0.0,1.0,0.0,9.0,1.0,0.0,0.0,1,0.0,204.0,289.0,1.0739240312964942,57.0,105.0,29.0,-28.0,0.1518324607329843,67.0,89.0,36.0,-31.0,0.1875,,,
525,1470,4103.0,0.0,11.382343885472476,0.0,50802,1760343011.429616,0.0,0.0,577.0,33.0,0.0,2.0,0.0,28.0,1.0,,,,,,,,1,0.0,230.0,304.0,0.985959229802043,41.0,127.0,36.0,-5.0,0.17647058823529413,72.0,159.0,76.0,4.0,0.247557003257329,,,
526,1471,3681.0,0.0,13.497742409537016,0.0,27479,1759891425.3220494,0.0,0.0,421.0,29.0,0.0,1.0,0.0,16.0,1.0,0.0,1.0,0.0,4.0,1.0,0.0,0.0,1,0.0,193.0,258.0,0.9809400629386842,21.0,105.0,0.0,-21.0,0.0,71.0,61.0,47.0,-24.0,0.26256983240223464,,,
527,1472,5931.0,0.0,10.623184428765589,0.0,71235,1760675104.8185334,0.0,0.0,455.0,33.0,0.0,2.0,0.0,17.0,1.0,0.0,1.0,0.0,5.0,1.0,0.0,0.0,1,0.0,226.0,333.0,0.9228806405476957,29.0,136.0,43.0,14.0,0.20673076923076922,116.0,181.0,109.0,-7.0,0.2684729064039409,,,
528,1473,3898.0,0.0,10.250879615389897,0.0,34801,1760726743.318475,0.0,0.0,318.0,30.0,0.0,2.0,0.0,16.0,0.9968553459119497,0.0,1.0,0.0,2.0,1.0,0.0,0.0,1,0.0,200.0,302.0,0.8511516608937054,68.0,32.0,68.0,0.0,0.40476190476190477,92.0,56.0,105.0,13.0,0.4150197628458498,,,
529,1474,3029.0,0.0,8.74814572003263,0.0,67389,1761617960.016013,0.0,0.0,467.0,34.0,0.0,2.0,0.0,23.0,0.9978586723768736,0.0,1.0,0.0,1.0,1.0,0.0,0.0,1,0.0,237.0,318.0,1.0954919886174905,54.0,109.0,90.0,36.0,0.3557312252964427,45.0,127.0,198.0,153.0,0.5351351351351351,,,
530,1475,4187.0,0.0,8.358353875338485,0.0,66839,1760442222.5374672,0.0,0.0,477.0,34.0,0.0,2.0,0.0,27.0,1.0,0.0,1.0,0.0,13.0,1.0,0.0,0.0,1,0.0,230.0,373.0,0.9242750659666322,81.0,59.0,76.0,-5.0,0.35185185185185186,165.0,152.0,154.0,-11.0,0.32696390658174096,,,
531,1477,5020.0,0.0,14.764290349368029,0.0,33119,1760138503.6704788,0.0,0.0,449.0,34.0,0.0,2.0,0.0,19.0,1.0,0.0,1.0,0.0,2.0,1.0,0.0,0.0,1,0.0,174.0,319.0,0.8915039565561016,41.0,97.0,31.0,-10.0,0.1834319526627219,112.0,172.0,155.0,43.0,0.3530751708428246,,,
532,1478,3823.0,0.0,9.19747670250122,0.0,51886,1761132609.4242907,0.0,0.0,552.0,35.0,0.0,2.0,0.0,34.0,0.9981884057971014,0.0,1.0,0.0,4.0,1.0,0.0,0.0,1,0.0,158.0,327.0,1.0861905656810493,101.0,155.0,45.0,-56.0,0.14950166112956811,79.0,172.0,167.0,88.0,0.39952153110047844,,,
533,1479,4153.0,0.0,9.907121811554894,0.0,63935,1760810559.049717,0.0,0.0,870.0,33.0,0.0,2.0,0.0,26.0,1.0,0.0,1.0,0.0,4.0,1.0,0.0,0.0,0,0.0,204.0,298.0,1.0977721409779253,119.0,338.0,52.0,-67.0,0.10216110019646366,142.0,174.0,79.0,-63.0,0.2,,,
534,1480,4394.0,0.0,10.335218234129425,0.0,44894,1760652263.4802437,0.0,0.0,511.0,36.0,0.0,2.0,0.0,25.0,1.0,0.0,1.0,0.0,9.0,1.0,0.0,0.0,0,20.0,263.0,323.0,1.1418283728384528,105.0,111.0,77.0,-28.0,0.2627986348122867,109.0,121.0,120.0,11.0,0.34285714285714286,,,
535,1481,3174.0,0.0,14.240719720796942,0.0,21447,1760893202.3994088,0.0,0.0,404.0,34.0,0.0,2.0,0.0,14.0,1.0,0.0,1.0,0.0,1.0,1.0,0.0,0.0,1,0.0,207.0,317.0,0.9570792881755692,74.0,79.0,45.0,-29.0,0.22727272727272727,69.0,95.0,86.0,17.0,0.344,,,
536,1482,5024.0,0.0,15.430525587175678,0.0,51979,1761631484.701768,0.0,0.0,521.0,36.0,0.0,2.0,0.0,31.0,0.9980806142034548,0.0,1.0,0.0,10.0,1.0,0.0,0.0,0,0.0,261.0,317.0,0.722927817825308,62.0,92.0,74.0,12.0,0.32456140350877194,233.0,207.0,176.0,-57.0,0.2857142857142857,,,
537,1483,2700.0,0.0,15.027421155759548,0.0,13053,1760760717.8180125,0.0,0.0,311.0,31.0,0.0,2.0,0.0,8.0,1.0,0.0,1.0,0.0,1.0,1.0,0.0,0.0,1,0.0,82.0,279.0,0.7570755179666643,46.0,74.0,16.0,-30.0,0.11764705882352941,33.0,164.0,109.0,76.0,0.3562091503267974,,,
538,1484,3932.0,0.0,10.323673956912206,0.0,31467,1760773589.0905633,0.0,0.0,420.0,39.0,0.0,2.0,0.0,18.0,1.0,0.0,1.0,0.0,5.0,1.0,0.0,0.0,1,0.0,263.0,373.0,0.9615129051070004,41.0,147.0,39.0,-2.0,0.17180616740088106,98.0,170.0,50.0,-48.0,0.15723270440251572,,,
539,1486,4767.0,0.0,13.720019819042859,0.0,31572,1761173034.054967,0.0,0.0,388.0,33.0,0.0,2.0,0.0,16.0,1.0,0.0,1.0,0.0,7.0,1.0,0.0,0.0,1,0.0,217.0,321.0,0.9282828474315007,51.0,115.0,26.0,-25.0,0.13541666666666666,77.0,117.0,97.0,20.0,0.3333333333333333,,,
540,1487,3988.0,0.0,11.962482179553257,0.0,46888,1760302756.7122664,0.0,0.0,382.0,35.0,0.0,2.0,0.0,31.0,1.0,0.0,1.0,0.0,4.0,1.0,0.0,0.0,1,0.0,263.0,344.0,0.8930836652181862,53.0,62.0,88.0,35.0,0.43349753694581283,79.0,70.0,172.0,93.0,0.5358255451713395,,,
545,1492,3473.0,0.0,11.973589248733443,0.0,21125,1761055773.8933222,0.0,0.0,468.0,35.0,0.0,2.0,0.0,15.0,1.0,,,,,,,,1,0.0,108.0,312.0,0.906700707439139,51.0,92.0,80.0,29.0,0.35874439461883406,95.0,90.0,118.0,23.0,0.38943894389438943,,,
546,1493,1720.0,0.0,12.899451814951663,0.0,20328,1759124155.92999,0.0,0.0,189.0,16.0,0.0,2.0,0.0,11.0,1.0,0.0,1.0,0.0,3.0,1.0,0.0,0.0,1,0.0,101.0,132.0,0.9014831326835898,17.0,13.0,5.0,-12.0,0.14285714285714285,33.0,22.0,18.0,-15.0,0.2465753424657534,,,
547,1495,4979.0,0.0,14.906203311018874,0.0,53763,1761726518.7798254,0.0,0.0,445.0,34.0,0.0,2.0,0.0,19.0,1.0,0.0,1.0,0.0,3.0,1.0,0.0,0.0,1,29.0,218.0,300.0,1.0354579793262624,65.0,103.0,35.0,-30.0,0.1724137931034483,111.0,222.0,100.0,-11.0,0.23094688221709006,,,
554,1502,1694.0,0.0,9.75181114487645,0.0,11155,1761616178.6540003,0.0,0.0,260.0,24.0,0.0,1.0,0.0,16.0,1.0,0.0,1.0,0.0,9.0,1.0,0.0,0.0,1,0.0,56.0,179.0,1.06771621618962,20.0,20.0,23.0,3.0,0.36507936507936506,33.0,32.0,42.0,9.0,0.3925233644859813,,,
555,1503,2136.0,0.0,9.225875250276259,0.0,18384,1760929743.4910655,0.0,0.0,293.0,23.0,0.0,1.0,0.0,23.0,1.0,,,,,,,,0,0.0,54.0,166.0,1.0546171284872647,47.0,23.0,20.0,-27.0,0.2222222222222222,68.0,29.0,40.0,-28.0,0.291970802919708,,,
560,1508,870.0,0.0,7.99674791743768,0.0,12000,1762950098.954562,0.0,0.0,177.0,15.0,0.0,1.0,0.0,16.0,1.0,0.0,1.0,0.0,1.0,1.0,0.0,0.0,0,19.0,0.0,193.0,1.2040905185456234,28.0,30.0,27.0,-1.0,0.3176470588235294,60.0,28.0,23.0,-37.0,0.2072072072072072,,,
563,1511,1049.0,0.0,8.532738678114693,0.0,10971,1761352921.1049519,0.0,0.0,178.0,22.0,0.0,1.0,0.0,15.0,0.9943820224719101,,,,,,,,0,0.0,30.0,145.0,1.0695733068377007,23.0,0.0,9.0,-14.0,0.28125,47.0,30.0,28.0,-19.0,0.26666666666666666,,,
579,1528,1269.0,0.0,10.29915379649097,0.0,9702,1760688108.6649537,0.0,0.0,200.0,16.0,0.0,1.0,0.0,11.0,0.995,,,,,,,,0,0.0,56.0,128.0,0.7598720072128828,54.0,3.0,0.0,-54.0,0.0,66.0,55.0,0.0,-66.0,0.0,,,
580,1529,1541.0,0.0,10.736013999677056,0.0,11917,1761114138.488252,0.0,0.0,212.0,25.0,0.0,1.0,0.0,10.0,0.9952830188679245,,,,,,,,0,19.0,139.0,252.0,0.9494538851998571,57.0,45.0,0.0,-57.0,0.0,74.0,63.0,16.0,-58.0,0.10457516339869281,,,
581,1530,1177.0,0.0,9.386889776893028,0.0,8799,1761397460.4534717,0.0,0.0,168.0,20.0,0.0,1.0,0.0,12.0,0.9940476190476191,0.0,1.0,0.0,1.0,1.0,0.0,0.0,0,0.0,56.0,160.0,0.823059164230169,33.0,27.0,1.0,-32.0,0.01639344262295082,48.0,71.0,34.0,-14.0,0.2222222222222222,,,
582,1531,1082.0,0.0,12.583043997023106,0.0,7793,1760223271.079538,0.0,0.0,108.0,14.0,0.0,1.0,0.0,8.0,0.9814814814814815,,,,,,,,0,0.0,56.0,161.0,0.9762784355543919,0.0,6.0,14.0,14.0,0.7,0.0,24.0,36.0,36.0,0.6,,,
589,1543,2944.0,0.0,12.251318624466562,0.0,23487,1763463156.0531836,0.0,0.0,382.0,20.0,0.0,1.0,0.0,22.0,0.9921465968586387,0.0,1.0,0.0,6.0,1.0,0.0,0.0,1,0.0,0.0,142.0,0.7891778132764937,0.0,71.0,101.0,101.0,0.5872093023255814,4.0,99.0,76.0,72.0,0.4245810055865922,,,
590,1549,196.0,0.0,13.843122230946282,0.0,624,1760249430.3205748,0.0,0.0,26.0,4.0,1.0,1.0,0.0,2.0,0.9615384615384616,0.0,1.0,0.0,1.0,1.0,0.0,0.0,0,0.0,0.0,163.0,0.8112781244591328,,,,,,,,,,,,,
592,1553,1868.0,0.0,9.306120552956417,0.0,23057,1764548148.5788317,0.0,0.0,339.0,30.0,0.0,1.0,,26.0,0.9970501474926253,0.0,1.0,0.0,10.0,1.0,0.0,0.0,0,0.0,0.0,211.0,0.906370188607791,65.0,86.0,0.0,-65.0,0.0,64.0,48.0,3.0,-61.0,0.02608695652173913,,,
597,1558,1089.0,0.0,15.659445090708955,0.0,6458,1761713743.5082567,0.0,0.0,79.0,11.0,0.0,2.0,0.0,7.0,0.9873417721518988,0.0,1.0,0.0,5.0,1.0,0.0,0.0,0,0.0,28.0,60.0,0.8666666393508566,0.0,5.0,0.0,0.0,0.0,0.0,47.0,0.0,0.0,0.0,,,
598,1560,2367.0,0.0,9.02567798587819,0.0,34778,1764911794.1422102,0.0,0.0,496.0,32.0,0.0,1.0,0.0,35.0,0.9979838709677419,,,,,,,,1,0.0,0.0,240.0,0.9717210531068787,115.0,105.0,0.0,-115.0,0.0,133.0,70.0,6.0,-127.0,0.028708133971291867,,,
603,1565,2226.0,0.0,11.792711910402991,0.0,20873,1764673837.0588334,0.0,0.0,309.0,18.0,0.0,1.0,0.0,20.0,0.9967637540453075,0.0,1.0,0.0,5.0,1.0,0.0,0.0,0,40.0,28.0,153.0,0.9853127182157609,21.0,34.0,0.0,-21.0,0.0,27.0,97.0,16.0,-11.0,0.11428571428571428,,,
610,1590,2950.0,0.0,10.434787009411098,0.0,30094,1764830023.5372226,0.0,0.0,622.0,41.0,0.0,2.0,0.0,34.0,0.9983922829581994,0.0,1.0,0.0,23.0,1.0,0.0,0.0,0,0.0,25.0,298.0,1.016235095889656,38.0,61.0,0.0,-38.0,0.0,36.0,116.0,14.0,-22.0,0.08433734939759036,,,
611,1592,3012.0,0.0,9.749905279439577,0.0,20588,1764782438.9023077,0.0,0.0,254.0,19.0,1.0,2.0,,15.0,0.9921259842519685,0.0,1.0,0.0,8.0,1.0,0.0,0.0,1,0.0,18.0,202.0,0.9442487751791385,0.0,21.0,0.0,0.0,0.0,14.0,57.0,40.0,26.0,0.36036036036036034,,,
612,1594,1854.0,0.0,10.742596237627103,0.0,6255,1765433318.6023202,0.0,0.0,226.0,17.0,1.0,2.0,,7.0,0.995575221238938,,,,,,,,0,18.0,40.0,133.0,1.1614835292394714,,,,,,10.0,102.0,36.0,26.0,0.24324324324324326,,,
614,1597,2039.0,0.0,11.759225021069982,0.0,25381,1764040410.7714224,0.0,0.0,270.0,23.0,0.0,2.0,0.0,20.0,0.9925925925925926,0.0,1.0,0.0,2.0,1.0,0.0,0.0,0,0.0,186.0,143.0,1.181107199364584,0.0,35.0,49.0,49.0,0.5833333333333334,47.0,80.0,78.0,31.0,0.3804878048780488,,,
619,1604,1924.0,0.0,18.040377547734987,0.0,5108,1763143829.146984,0.0,0.0,134.0,15.0,1.0,2.0,,9.0,0.9850746268656716,0.0,1.0,0.0,12.0,1.0,0.0,0.0,0,0.0,0.0,121.0,0.8815415774346002,0.0,1.0,0.0,0.0,0.0,0.0,10.0,2.0,2.0,0.16666666666666666,,,
620,1605,2587.0,0.0,10.435334414970837,0.0,7920,1765260823.4107602,0.0,0.0,322.0,20.0,1.0,2.0,,9.0,0.9937888198757764,0.0,1.0,0.0,14.0,1.0,0.0,0.0,0,9.0,83.0,151.0,1.1485507900564111,40.0,29.0,0.0,-40.0,0.0,82.0,58.0,63.0,-19.0,0.3103448275862069,,,
623,1609,1399.0,0.0,11.637494357498978,0.0,9975,1765506947.790018,0.0,0.0,190.0,9.0,1.0,2.0,,4.0,1.0,0.0,1.0,0.0,2.0,1.0,0.0,0.0,0,0.0,18.0,141.0,1.0222973446412063,0.0,45.0,9.0,9.0,0.16666666666666666,0.0,73.0,19.0,19.0,0.20652173913043478,,,
625,1613,2227.0,0.0,12.646037902145926,0.0,15132,1763875069.139886,0.0,0.0,165.0,12.0,1.0,2.0,,14.0,1.0,0.0,1.0,0.0,10.0,1.0,0.0,0.0,1,0.0,21.0,75.0,0.9089634778149818,,,,,,0.0,33.0,42.0,42.0,0.56,,,
626,1614,998.0,0.0,8.484347531315192,0.0,7316,1765468787.9686275,0.0,0.0,70.0,6.0,1.0,2.0,,10.0,0.9857142857142858,0.0,1.0,0.0,5.0,1.0,0.0,0.0,0,10.0,0.0,19.0,0.6312844702871837,8.0,0.0,12.0,4.0,0.6,19.0,77.0,29.0,10.0,0.232,,,
627,1615,6153.0,0.0,13.223534189684058,0.0,42237,1764941900.703321,0.0,0.0,351.0,16.0,1.0,2.0,,25.0,0.9971509971509972,0.0,1.0,0.0,17.0,1.0,0.0,0.0,1,0.0,142.0,211.0,1.0805030154443738,84.0,10.0,0.0,-84.0,0.0,285.0,171.0,128.0,-157.0,0.2191780821917808,,,
628,1626,1973.0,0.0,14.053537451883676,0.0,12739,1763768891.699228,0.0,0.0,196.0,21.0,1.0,2.0,,15.0,0.9897959183673469,0.0,1.0,0.0,13.0,1.0,0.0,0.0,0,0.0,19.0,163.0,0.6944393163284106,0.0,23.0,10.0,10.0,0.30303030303030304,0.0,70.0,35.0,35.0,0.3333333333333333,,,
629,1632,3137.0,0.0,18.341832078824314,0.0,8132,1763467554.4642985,0.0,0.0,524.0,28.0,1.0,2.0,,10.0,1.0,0.0,1.0,0.0,9.0,1.0,0.0,0.0,0,0.0,0.0,255.0,0.8759741736397757,0.0,0.0,27.0,27.0,1.0,0.0,54.0,41.0,41.0,0.43157894736842106,,,
630,1633,2149.0,0.0,11.008287229106209,0.0,14687,1766039003.7068877,0.0,0.0,253.0,27.0,1.0,2.0,,25.0,0.9960474308300395,,,,,,,,1,0.0,19.0,206.0,1.0243478092617468,0.0,72.0,37.0,37.0,0.3394495412844037,5.0,207.0,81.0,76.0,0.2764505119453925,,,
631,1634,2794.0,0.0,10.915774424302318,0.0,21551,1765115398.8928478,0.0,0.0,255.0,24.0,1.0,2.0,,10.0,0.996078431372549,0.0,1.0,0.0,4.0,1.0,0.0,0.0,1,9.0,62.0,195.0,0.7164831655908255,0.0,9.0,8.0,8.0,0.47058823529411764,45.0,117.0,79.0,34.0,0.3278008298755187,,,
632,1635,3881.0,0.0,18.75111150395134,0.0,11632,1764207257.8958313,0.0,0.0,343.0,29.0,1.0,2.0,,7.0,1.0,0.0,1.0,0.0,5.0,1.0,0.0,0.0,0,9.0,63.0,281.0,0.7860333594010454,0.0,0.0,27.0,27.0,1.0,0.0,169.0,167.0,167.0,0.49702380952380953,,,
634,1637,5672.0,0.0,16.34818548585871,0.0,25813,1764835734.7468982,0.0,0.0,440.0,19.0,1.0,2.0,,15.0,1.0,0.0,1.0,0.0,12.0,1.0,0.0,0.0,0,37.0,129.0,166.0,0.7774075436739949,0.0,33.0,0.0,0.0,0.0,14.0,88.0,76.0,62.0,0.42696629213483145,,,
635,1638,3166.0,0.0,16.933588416123566,0.0,33850,1764525980.4742918,0.0,0.0,254.0,20.0,1.0,2.0,,11.0,0.9881889763779528,0.0,1.0,0.0,12.0,1.0,0.0,0.0,0,0.0,82.0,142.0,0.7474680153857772,0.0,0.0,40.0,40.0,1.0,0.0,108.0,66.0,66.0,0.3793103448275862,,,
636,1639,2598.0,0.0,12.165400706536408,0.0,5658,1764039834.9727318,0.0,0.0,389.0,12.0,1.0,2.0,,9.0,0.9974293059125964,0.0,1.0,0.0,2.0,1.0,0.0,0.0,1,0.0,0.0,121.0,0.8974931139126833,0.0,8.0,0.0,0.0,0.0,17.0,53.0,6.0,-11.0,0.07894736842105263,,,
637,1644,3069.0,0.0,21.221181174241316,0.0,13761,1763092683.5929103,0.0,0.0,309.0,21.0,1.0,2.0,,8.0,0.9902912621359223,0.0,1.0,0.0,5.0,1.0,0.0,0.0,0,0.0,19.0,160.0,0.8840577440462754,,,,,,0.0,11.0,6.0,6.0,0.35294117647058826,,,
638,1645,5185.0,0.0,13.698463469104354,0.0,39012,1764861479.789369,0.0,0.0,736.0,28.0,1.0,2.0,,18.0,1.0,0.0,1.0,0.0,17.0,1.0,0.0,0.0,0,9.0,58.0,242.0,1.057206824724991,118.0,0.0,78.0,-40.0,0.3979591836734694,181.0,198.0,139.0,-42.0,0.26833976833976836,,,
640,1656,2205.0,0.0,13.176503935097326,0.0,17347,1762685021.235567,0.0,0.0,176.0,19.0,0.0,2.0,,9.0,1.0,0.0,1.0,0.0,6.0,1.0,0.0,0.0,0,39.0,28.0,137.0,0.7295702205088233,0.0,13.0,2.0,2.0,0.13333333333333333,0.0,59.0,53.0,53.0,0.4732142857142857,,,
641,1657,4858.0,0.0,13.692934273214535,0.0,44059,1764560190.125489,0.0,0.0,463.0,41.0,0.0,2.0,,25.0,0.9956803455723542,0.0,1.0,0.0,32.0,1.0,0.0,0.0,1,0.0,30.0,346.0,0.9027268398465123,10.0,10.0,75.0,65.0,0.7894736842105263,79.0,148.0,146.0,67.0,0.3914209115281501,,,
647,1663,1201.0,0.0,9.889427663935493,0.0,12708,1763466996.7830229,0.0,0.0,98.0,13.0,0.0,2.0,,9.0,0.9795918367346939,0.0,1.0,0.0,3.0,1.0,0.0,0.0,1,0.0,0.0,32.0,0.921434787595997,,,,,,9.0,31.0,73.0,64.0,0.6460176991150443,,,
649,1666,1995.0,0.0,26.41914293743062,0.0,5603,1761911394.7845335,0.0,0.0,262.0,25.0,1.0,1.0,0.0,10.0,1.0,0.0,1.0,0.0,1.0,1.0,0.0,0.0,1,0.0,0.0,207.0,1.2079791367935482,12.0,15.0,0.0,-12.0,0.0,16.0,33.0,18.0,2.0,0.26865671641791045,,,
654,1673,1578.0,0.0,8.72618324423602,0.0,22959,1762412470.167509,0.0,0.0,219.0,24.0,0.0,1.0,0.0,14.0,1.0,0.0,1.0,0.0,10.0,1.0,0.0,0.0,0,0.0,0.0,204.0,0.7805849322915901,0.0,4.0,0.0,0.0,0.0,17.0,22.0,21.0,4.0,0.35,,,
655,1674,1125.0,0.0,8.56261935540037,0.0,25052,1762471071.4365246,0.0,0.0,158.0,17.0,0.0,1.0,0.0,11.0,1.0,0.0,1.0,0.0,8.0,1.0,0.0,0.0,1,0.0,0.0,154.0,0.6222126380063133,9.0,6.0,0.0,-9.0,0.0,18.0,19.0,8.0,-10.0,0.17777777777777778,,,
656,1675,1841.0,0.0,9.160227713529963,0.0,12548,1762466602.807386,0.0,0.0,245.0,20.0,0.0,1.0,0.0,15.0,0.9918367346938776,0.0,1.0,0.0,5.0,1.0,0.0,0.0,0,0.0,0.0,129.0,0.7415700122962603,43.0,4.0,0.0,-43.0,0.0,52.0,27.0,14.0,-38.0,0.15053763440860216,,,
657,1676,6418.0,0.0,14.368715172090697,0.0,60887,1761197398.5496638,0.0,0.0,488.0,39.0,0.0,3.0,0.0,25.0,0.9897540983606558,0.0,1.0,0.0,27.0,1.0,0.0,0.0,1,29.0,0.0,362.0,0.8250096072278232,0.0,125.0,11.0,11.0,0.08088235294117647,25.0,85.0,13.0,-12.0,0.10569105691056911,,,
659,1678,2281.0,0.0,14.279051398610896,0.0,11110,1762933442.9539807,0.0,0.0,164.0,12.0,0.0,2.0,0.0,10.0,0.9878048780487805,0.0,1.0,0.0,15.0,1.0,0.0,0.0,1,0.0,0.0,225.0,0.6233240228830931,1.0,10.0,52.0,51.0,0.8253968253968254,20.0,32.0,92.0,72.0,0.6388888888888888,,,
663,1682,399.0,0.0,12.409044985623321,0.0,2453,1759865076.6712875,0.0,0.0,14.0,2.0,0.0,1.0,0.0,2.0,1.0,0.0,1.0,0.0,5.0,1.0,0.0,0.0,1,24.0,76.0,8.0,0.4059770384755711,,,,,,,,,,,,,
665,1684,2094.0,0.0,7.72768930206727,0.0,53857,1762380433.1836522,0.0,0.0,215.0,20.0,0.0,1.0,0.0,19.0,1.0,0.0,1.0,0.0,6.0,1.0,0.0,0.0,1,0.0,0.0,233.0,0.7393794161617948,21.0,0.0,4.0,-17.0,0.16,57.0,40.0,42.0,-15.0,0.302158273381295,,,
668,1687,1960.0,0.0,16.027116891156382,0.0,12008,1761254284.1820695,0.0,0.0,123.0,19.0,0.0,1.0,0.0,8.0,0.975609756097561,0.0,1.0,0.0,6.0,1.0,0.0,0.0,1,0.0,0.0,186.0,0.7298172266450011,0.0,0.0,27.0,27.0,1.0,10.0,0.0,42.0,32.0,0.8076923076923077,,,
670,1689,73.0,0.0,6.598036479089485,0.0,347,1762747207.445711,0.0,0.0,16.0,4.0,1.0,1.0,0.0,3.0,0.875,,,,,,,,0,0.0,0.0,20.0,0.9456603046006402,0.0,0.0,12.0,12.0,1.0,0.0,0.0,11.0,11.0,1.0,,,
671,1690,3712.0,0.0,28.96529565406493,0.0,13122,1762839019.5674965,0.0,0.0,805.0,26.0,1.0,2.0,0.0,18.0,0.9987577639751553,0.0,1.0,0.0,3.0,1.0,0.0,0.0,1,18.0,0.0,277.0,1.240284281349235,0.0,158.0,183.0,183.0,0.5366568914956011,9.0,161.0,244.0,235.0,0.5893719806763285,,,
672,1691,248.0,0.0,10.168186737457024,0.0,14784,1767199506.9978225,0.0,0.0,53.0,6.0,1.0,1.0,0.0,3.0,1.0,,,,,,,,1,0.0,0.0,58.0,0.7147274731317892,0.0,0.0,28.0,28.0,1.0,0.0,0.0,30.0,30.0,1.0,,,
675,1694,2043.0,0.0,12.074863712910421,0.0,10475,1761806006.6159985,0.0,0.0,389.0,23.0,1.0,1.0,0.0,23.0,1.0,0.0,1.0,0.0,2.0,1.0,0.0,0.0,0,0.0,0.0,195.0,1.2033820380593883,30.0,36.0,82.0,52.0,0.5540540540540541,46.0,49.0,44.0,-2.0,0.31654676258992803,,,
676,1695,4684.0,0.0,18.210825775235776,0.0,30062,1763903075.4351914,0.0,0.0,516.0,29.0,1.0,2.0,0.0,32.0,0.998062015503876,0.0,1.0,0.0,11.0,1.0,0.0,0.0,1,54.0,0.0,256.0,1.356953708125762,102.0,66.0,99.0,-3.0,0.3707865168539326,265.0,254.0,146.0,-119.0,0.21954887218045113,,,
677,1696,4794.0,0.0,25.63517495912881,0.0,45112,1764303207.9566164,0.0,0.0,479.0,33.0,1.0,2.0,0.0,36.0,0.9979123173277662,0.0,1.0,0.0,29.0,1.0,0.0,0.0,0,18.0,64.0,277.0,1.044533474386765,85.0,149.0,17.0,-68.0,0.06772908366533864,203.0,437.0,64.0,-139.0,0.09090909090909091,,,
678,1697,2941.0,0.0,22.984008396615753,0.0,14247,1763812035.379949,0.0,0.0,499.0,25.0,1.0,1.0,0.0,32.0,1.0,0.0,1.0,0.0,3.0,1.0,0.0,0.0,1,0.0,0.0,195.0,1.2796548631149294,19.0,267.0,35.0,16.0,0.10903426791277258,80.0,166.0,15.0,-65.0,0.05747126436781609,,,
679,1698,1603.0,0.0,11.836365021634155,0.0,5970,1761805858.9614253,0.0,0.0,118.0,13.0,0.0,1.0,0.0,10.0,1.0,0.0,1.0,0.0,1.0,1.0,0.0,0.0,0,0.0,0.0,128.0,0.7548464623088864,14.0,0.0,12.0,-2.0,0.46153846153846156,11.0,7.0,28.0,17.0,0.6086956521739131,,,
680,1699,2003.0,0.0,10.440750666109723,0.0,17085,1763628317.9683988,0.0,0.0,375.0,20.0,0.0,1.0,0.0,21.0,0.9946666666666667,0.0,1.0,0.0,7.0,1.0,0.0,0.0,1,0.0,0.0,124.0,1.1889735952516989,0.0,83.0,76.0,76.0,0.4779874213836478,31.0,102.0,94.0,63.0,0.41409691629955947,,,
683,1702,1288.0,0.0,18.061587844089136,0.0,159672,1761936320.7251937,0.0,0.0,261.0,23.0,1.0,2.0,0.0,10.0,1.0,0.0,1.0,0.0,3.0,1.0,0.0,0.0,0,0.0,0.0,203.0,0.7040241824782056,29.0,0.0,135.0,106.0,0.823170731707317,44.0,0.0,146.0,102.0,0.7684210526315789,,,
686,1705,1418.0,0.0,7.061897080320593,0.0,42865,1763000611.0005128,0.0,0.0,147.0,17.0,0.0,1.0,0.0,10.0,1.0,0.0,1.0,0.0,4.0,1.0,0.0,0.0,0,0.0,0.0,158.0,0.7094406429828353,19.0,15.0,4.0,-15.0,0.10526315789473684,58.0,32.0,35.0,-23.0,0.28,,,
687,1706,2001.0,0.0,12.601743892082359,0.0,17303,1763623832.8524504,0.0,0.0,452.0,24.0,0.0,1.0,0.0,23.0,1.0,0.0,1.0,0.0,1.0,1.0,0.0,0.0,0,20.0,0.0,220.0,0.9820435346589252,32.0,28.0,62.0,30.0,0.5081967213114754,32.0,12.0,57.0,25.0,0.5643564356435643,,,
688,1707,4194.0,0.0,15.95192415520367,0.0,21718,1763884097.8574352,0.0,0.0,689.0,26.0,0.0,2.0,0.0,30.0,0.9985486211901307,0.0,1.0,0.0,3.0,1.0,0.0,0.0,0,0.0,0.0,243.0,1.0440238283275693,13.0,104.0,69.0,56.0,0.3709677419354839,29.0,70.0,36.0,7.0,0.26666666666666666,,,
689,1708,2028.0,0.0,13.661466100664283,0.0,23913,1762747936.565997,0.0,0.0,330.0,22.0,0.0,1.0,0.0,12.0,0.9878787878787879,0.0,1.0,0.0,4.0,1.0,0.0,0.0,1,0.0,0.0,204.0,0.8987807377697834,35.0,0.0,17.0,-18.0,0.3269230769230769,14.0,2.0,35.0,21.0,0.6862745098039216,,,
690,1709,1746.0,0.0,8.746217527013739,0.0,32134,1762905480.2246277,0.0,0.0,234.0,19.0,0.0,1.0,0.0,13.0,0.9957264957264957,0.0,1.0,0.0,11.0,1.0,0.0,0.0,0,0.0,0.0,179.0,0.9311556662775309,15.0,0.0,8.0,-7.0,0.34782608695652173,48.0,12.0,55.0,7.0,0.4782608695652174,,,
691,1710,956.0,0.0,10.222749053074908,0.0,18605,1763773381.9341404,0.0,0.0,200.0,19.0,0.0,1.0,0.0,11.0,1.0,0.0,1.0,0.0,2.0,1.0,0.0,0.0,0,0.0,0.0,180.0,1.022497223623897,25.0,0.0,5.0,-20.0,0.16666666666666666,14.0,0.0,29.0,15.0,0.6744186046511628,,,
692,1711,2188.0,0.0,10.139804119888518,0.0,61603,1763358027.805295,0.0,0.0,194.0,19.0,0.0,1.0,0.0,11.0,1.0,0.0,1.0,0.0,4.0,1.0,0.0,0.0,0,0.0,0.0,169.0,0.6724025714741805,14.0,0.0,4.0,-10.0,0.2222222222222222,30.0,20.0,95.0,65.0,0.6551724137931034,,,
694,1714,8415.0,0.0,9.724740884617846,0.0,63514,1764824637.7056482,0.0,0.0,1309.0,32.0,0.0,2.0,0.0,42.0,1.0,0.0,1.0,0.0,23.0,1.0,0.0,0.0,0,0.0,72.0,219.0,0.9588532493857561,140.0,470.0,96.0,-44.0,0.1359773371104816,407.0,571.0,202.0,-205.0,0.1711864406779661,,,
697,1717,139.0,0.0,5.5523425084874445,0.0,2087,1760394733.7049248,0.0,0.0,,,,,,,,,,,,,,,0,0.0,84.0,0.0,0.9886994082884974,,,,,,0.0,0.0,1.0,1.0,1.0,,,
700,1720,1872.0,0.0,13.229807088638996,0.0,12520,1762915500.7395942,0.0,0.0,400.0,35.0,0.0,2.0,0.0,17.0,0.9975,,,,,,,,0,19.0,0.0,275.0,0.8609235607995636,42.0,17.0,38.0,-4.0,0.3917525773195876,17.0,10.0,36.0,19.0,0.5714285714285714,,,
704,1724,937.0,0.0,10.533836036476186,0.0,14046,1761929433.6348405,0.0,0.0,76.0,9.0,0.0,2.0,0.0,6.0,0.9868421052631579,0.0,1.0,0.0,1.0,1.0,0.0,0.0,0,0.0,0.0,58.0,0.6019089517362489,2.0,0.0,0.0,-2.0,0.0,15.0,18.0,0.0,-15.0,0.0,,,
707,1727,2101.0,0.0,13.546176223270601,0.0,13188,1763094966.2317066,0.0,0.0,475.0,31.0,0.0,2.0,0.0,25.0,1.0,0.0,1.0,0.0,2.0,1.0,0.0,0.0,0,0.0,0.0,237.0,0.8917556664343849,76.0,0.0,47.0,-29.0,0.3821138211382114,48.0,0.0,60.0,12.0,0.5555555555555556,,,
711,1731,165.0,0.0,11.48216857187127,0.0,1398,1759680951.6403413,0.0,0.0,9.0,1.0,1.0,1.0,0.0,1.0,1.0,0.0,1.0,0.0,4.0,1.0,0.0,0.0,1,0.0,22.0,40.0,0.4854607607459134,,,,,,,,,,,,,
713,1733,1813.0,0.0,15.784583636230959,0.0,3938,1761467592.5132635,0.0,0.0,268.0,23.0,0.0,2.0,0.0,8.0,1.0,,,,,,,,0,0.0,0.0,201.0,0.784159355388567,0.0,0.0,6.0,6.0,1.0,5.0,0.0,15.0,10.0,0.75,,,
714,1734,435.0,0.0,9.231094835266559,0.0,5423,1760841892.1048927,0.0,0.0,50.0,4.0,0.0,2.0,0.0,3.0,1.0,,,,,,,,0,0.0,0.0,62.0,0.43348846324460666,,,,,,6.0,0.0,4.0,-2.0,0.4,,,
716,1736,3959.0,0.0,13.069724082926914,0.0,34269,1763970329.280481,0.0,0.0,392.0,40.0,0.0,2.0,0.0,27.0,0.9974489795918368,0.0,1.0,0.0,8.0,1.0,0.0,0.0,1,0.0,0.0,343.0,0.930164379257953,41.0,0.0,75.0,34.0,0.646551724137931,40.0,16.0,44.0,4.0,0.44,,,
717,1737,3970.0,0.0,14.553956380197189,0.0,44915,1764701848.3141456,0.0,0.0,640.0,38.0,0.0,2.0,0.0,22.0,0.9984375,0.0,1.0,0.0,16.0,1.0,0.0,0.0,1,0.0,0.0,336.0,0.811695901524093,67.0,3.0,141.0,74.0,0.6682464454976303,49.0,89.0,136.0,87.0,0.49635036496350365,,,
718,1739,2627.0,0.0,14.127368364686369,0.0,17228,1763677489.6108403,0.0,0.0,420.0,40.0,0.0,2.0,0.0,23.0,1.0,0.0,1.0,0.0,11.0,1.0,0.0,0.0,1,0.0,0.0,343.0,0.9646270978205114,45.0,0.0,81.0,36.0,0.6428571428571429,34.0,0.0,47.0,13.0,0.5802469135802469,,,
720,1741,2411.0,0.0,14.111147863654287,0.0,10733,1762974866.4264758,0.0,0.0,434.0,39.0,0.0,2.0,0.0,10.0,1.0,0.0,1.0,0.0,2.0,1.0,0.0,0.0,0,0.0,0.0,343.0,0.8044928441524432,49.0,0.0,59.0,10.0,0.5462962962962963,25.0,12.0,20.0,-5.0,0.3508771929824561,,,
721,1742,968.0,0.0,9.684634172983152,0.0,11168,1763527997.966556,0.0,0.0,195.0,22.0,0.0,2.0,0.0,16.0,0.9897435897435898,0.0,1.0,0.0,5.0,1.0,0.0,0.0,1,0.0,0.0,129.0,0.7651550901943194,11.0,0.0,7.0,-4.0,0.3888888888888889,7.0,0.0,18.0,11.0,0.72,,,
724,1745,2672.0,0.0,15.18093958298276,0.0,47695,1764344322.5456266,0.0,0.0,393.0,27.0,0.0,2.0,0.0,11.0,0.9949109414758269,,,,,,,,1,0.0,26.0,227.0,0.7991861273195493,0.0,0.0,75.0,75.0,1.0,26.0,0.0,111.0,85.0,0.8102189781021898,,,
726,1747,861.0,0.0,14.826345772938,0.0,1657,1766570011.6092124,0.0,0.0,42.0,4.0,0.0,2.0,,4.0,1.0,0.0,1.0,0.0,8.0,1.0,0.0,0.0,0,19.0,0.0,48.0,0.595649145164151,13.0,0.0,28.0,15.0,0.6829268292682927,44.0,0.0,32.0,-12.0,0.42105263157894735,,,
731,1752,202.0,0.0,7.827477730962991,0.0,4441,1762756844.7339728,0.0,0.0,,,,,,,,,,,,,,,1,9.0,58.0,25.0,0.9927744539878084,,,,,,0.0,0.0,12.0,12.0,1.0,,,
732,1754,499.0,0.0,15.166543451747383,0.0,2449,1763518817.6257648,0.0,0.0,1.0,1.0,1.0,1.0,0.0,1.0,0.0,,,,,,,,1,19.0,59.0,25.0,1.3439645338316386,,,,,,0.0,0.0,56.0,56.0,1.0,,,
734,1756,1032.0,0.0,7.709775052793729,0.0,32807,1764160295.9017582,0.0,0.0,59.0,9.0,0.0,1.0,,11.0,0.9661016949152542,0.0,1.0,0.0,1.0,1.0,0.0,0.0,0,55.0,28.0,33.0,1.2158749624422405,10.0,0.0,14.0,4.0,0.5833333333333334,46.0,20.0,76.0,30.0,0.5352112676056338,,,
735,1757,5269.0,0.0,16.389357678733187,0.0,55828,1764847013.6253576,0.0,0.0,546.0,35.0,0.0,2.0,0.0,19.0,1.0,0.0,1.0,0.0,24.0,1.0,0.0,0.0,1,0.0,0.0,276.0,0.82055606260173,26.0,240.0,74.0,48.0,0.21764705882352942,55.0,250.0,57.0,2.0,0.1574585635359116,,,
738,1760,146.0,0.0,7.8630086382054065,0.0,1625,1763089978.632342,0.0,0.0,,,,,,,,,,,,,,,1,9.0,37.0,0.0,0.5293608652873644,,,,,,0.0,0.0,7.0,7.0,1.0,,,
739,1761,539.0,0.0,8.18025834574078,0.0,2751,1761951262.3501265,0.0,0.0,,,,,,,,,,,,,,,1,9.0,0.0,25.0,0.8030717273241024,,,,,,2.0,0.0,23.0,21.0,0.92,,,
740,1762,319.0,0.0,11.35808569941977,0.0,3362,1762373807.9427338,0.0,0.0,51.0,2.0,1.0,1.0,0.0,2.0,1.0,,,,,,,,1,9.0,18.0,83.0,1.2769304753392905,,,,,,0.0,0.0,11.0,11.0,1.0,,,
742,1764,372.0,0.0,13.189674301396797,0.0,2904,1763335774.5820053,0.0,0.0,1.0,1.0,1.0,1.0,0.0,1.0,0.0,,,,,,,,1,9.0,37.0,25.0,1.117278648903896,,,,,,0.0,0.0,24.0,24.0,1.0,,,
743,1766,1405.0,0.0,21.01832404566633,0.0,7958,1763368857.4717865,0.0,0.0,123.0,7.0,1.0,1.0,0.0,3.0,1.0,0.0,1.0,0.0,2.0,1.0,0.0,0.0,0,18.0,37.0,134.0,0.7310854114609356,0.0,0.0,74.0,74.0,1.0,0.0,0.0,145.0,145.0,1.0,,,
744,1767,1001.0,0.0,19.98308982096803,0.0,2853,1761886002.4682016,0.0,0.0,24.0,2.0,1.0,1.0,0.0,3.0,0.9583333333333334,0.0,1.0,0.0,4.0,1.0,0.0,0.0,1,9.0,18.0,35.0,0.9055962069495832,,,,,,0.0,0.0,14.0,14.0,1.0,,,
745,1768,112.0,0.0,7.23981012562454,0.0,1924,1762651079.5967164,0.0,0.0,9.0,1.0,1.0,1.0,0.0,1.0,1.0,,,,,,,,1,9.0,19.0,25.0,1.1752835873133534,,,,,,0.0,0.0,7.0,7.0,1.0,,,
746,1769,167.0,0.0,6.304126561050917,0.0,15593,1765996140.0042837,0.0,0.0,,,,,,,,,,,,,,,1,9.0,18.0,49.0,1.1170949925429108,,,,,,0.0,0.0,16.0,16.0,1.0,,,
749,1773,308.0,0.0,11.173190193853888,0.0,3249,1762715703.3473454,0.0,0.0,,,,,,,,,,,,,,,1,9.0,18.0,87.0,0.9470622432515329,,,,,,0.0,0.0,34.0,34.0,1.0,,,
751,1775,2902.0,0.0,25.053258545304924,0.0,17236,1762313150.8257904,0.0,0.0,129.0,9.0,1.0,2.0,,7.0,1.0,0.0,1.0,0.0,10.0,1.0,0.0,0.0,0,9.0,37.0,71.0,0.600293569089451,0.0,26.0,45.0,45.0,0.6338028169014085,0.0,73.0,31.0,31.0,0.2980769230769231,,,
752,1776,168.0,0.0,8.253637972917906,0.0,711,1765510171.0871236,0.0,0.0,,,,,,,,,,,,,,,1,9.0,0.0,37.0,0.9983636725938131,,,,,,0.0,0.0,6.0,6.0,1.0,,,
753,1777,799.0,0.0,18.08825382640689,0.0,5490,1767015995.1857781,0.0,0.0,29.0,3.0,1.0,1.0,0.0,2.0,0.9655172413793104,,,,,,,,1,0.0,0.0,32.0,0.5411730852873724,0.0,0.0,14.0,14.0,1.0,0.0,67.0,34.0,34.0,0.33663366336633666,,,
756,1780,42.0,0.0,4.462970307869253,0.0,812,1763933744.9637332,0.0,0.0,,,,,,,,,,,,,,,0,0.0,0.0,25.0,-0.0,,,,,,0.0,0.0,6.0,6.0,1.0,,,
761,1785,1040.0,0.0,11.36959603768034,0.0,24475,1764280852.9267354,0.0,0.0,53.0,7.0,1.0,2.0,0.0,11.0,0.9622641509433962,0.0,1.0,0.0,6.0,1.0,0.0,0.0,1,0.0,0.0,46.0,0.5872500601273819,0.0,0.0,1.0,1.0,1.0,5.0,5.0,37.0,32.0,0.7872340425531915,,,
765,1792,4456.0,0.0,15.373658854968618,0.0,37605,1761681290.3787308,0.0,0.0,366.0,27.0,0.0,2.0,0.0,20.0,1.0,0.0,1.0,0.0,15.0,1.0,0.0,0.0,1,0.0,265.0,257.0,0.8747302619558068,124.0,0.0,16.0,-108.0,0.11428571428571428,125.0,15.0,29.0,-96.0,0.17159763313609466,,,
767,1794,925.0,0.0,7.510921322870171,0.0,8083,1762328094.3164058,0.0,0.0,161.0,14.0,0.0,1.0,0.0,13.0,0.9875776397515528,0.0,1.0,0.0,1.0,1.0,0.0,0.0,0,0.0,0.0,99.0,0.8899487789424103,7.0,1.0,0.0,-7.0,0.0,17.0,9.0,16.0,-1.0,0.38095238095238093,,,
768,1796,6528.0,0.0,19.12986900189354,0.0,32754,1762573303.7554085,0.0,0.0,578.0,46.0,0.0,2.0,0.0,34.0,1.0,0.0,1.0,0.0,3.0,1.0,0.0,0.0,1,0.0,0.0,373.0,0.8339754218963299,136.0,71.0,25.0,-111.0,0.10775862068965517,154.0,92.0,63.0,-91.0,0.20388349514563106,,,
769,1797,3890.0,0.0,14.68652126307476,0.0,28014,1760881836.9270449,0.0,0.0,638.0,42.0,0.0,2.0,0.0,18.0,1.0,0.0,1.0,0.0,10.0,1.0,0.0,0.0,0,67.0,0.0,374.0,0.7767335910135864,169.0,0.0,12.0,-157.0,0.06629834254143646,71.0,4.0,25.0,-46.0,0.25,,,
771,1799,5112.0,0.0,16.738460233891185,0.0,39063,1761408115.2032704,0.0,0.0,702.0,38.0,0.0,2.0,0.0,29.0,0.9971509971509972,0.0,1.0,0.0,16.0,1.0,0.0,0.0,1,0.0,0.0,308.0,0.838760405049881,82.0,92.0,1.0,-81.0,0.005714285714285714,73.0,75.0,30.0,-43.0,0.16853932584269662,,,
773,1801,559.0,0.0,15.30440539957141,0.0,2657,1763384842.8545527,0.0,0.0,149.0,9.0,0.0,1.0,0.0,4.0,0.9932885906040269,0.0,1.0,0.0,1.0,1.0,0.0,0.0,0,0.0,0.0,60.0,0.9988455359952018,106.0,0.0,0.0,-106.0,0.0,45.0,0.0,0.0,-45.0,0.0,,,
774,1802,842.0,0.0,10.496064436670816,0.0,5218,1761094096.2658775,0.0,0.0,143.0,10.0,0.0,1.0,0.0,10.0,1.0,0.0,1.0,0.0,2.0,1.0,0.0,0.0,0,0.0,0.0,140.0,0.7051819722888516,3.0,0.0,0.0,-3.0,0.0,27.0,0.0,4.0,-23.0,0.12903225806451613,,,
775,1803,456.0,0.0,10.026131144463864,0.0,2635,1761565983.5214133,0.0,0.0,86.0,9.0,0.0,1.0,0.0,4.0,0.9883720930232558,0.0,1.0,0.0,1.0,1.0,0.0,0.0,0,0.0,0.0,154.0,0.8708644692353644,15.0,0.0,0.0,-15.0,0.0,9.0,0.0,0.0,-9.0,0.0,,,
776,1804,1756.0,0.0,11.417031709390903,0.0,4875,1763206956.826835,0.0,0.0,127.0,13.0,0.0,1.0,0.0,5.0,0.984251968503937,,,,,,,,0,0.0,0.0,89.0,0.8548729608139456,28.0,0.0,0.0,-28.0,0.0,14.0,47.0,18.0,4.0,0.22784810126582278,,,
777,1805,973.0,0.0,10.22671655198502,0.0,3059,1761121884.9556258,0.0,0.0,83.0,10.0,0.0,2.0,0.0,8.0,0.9879518072289156,0.0,1.0,0.0,4.0,1.0,0.0,0.0,0,0.0,0.0,100.0,0.8924515943966866,7.0,0.0,0.0,-7.0,0.0,12.0,2.0,2.0,-10.0,0.125,,,
778,1806,2143.0,0.0,15.256698943470013,0.0,17095,1765592618.611818,0.0,0.0,314.0,23.0,0.0,1.0,0.0,16.0,0.9968152866242038,0.0,1.0,0.0,1.0,1.0,0.0,0.0,1,0.0,0.0,263.0,0.9131224909094169,18.0,0.0,163.0,145.0,0.9005524861878453,7.0,2.0,93.0,86.0,0.9117647058823529,,,
779,1808,1321.0,0.0,17.861040536514583,0.0,16375,1766309389.9159906,0.0,0.0,416.0,21.0,0.0,1.0,,6.0,0.9975961538461539,0.0,1.0,0.0,6.0,1.0,0.0,0.0,0,0.0,0.0,169.0,0.9558398699876868,0.0,1.0,415.0,415.0,0.9975961538461539,12.0,7.0,117.0,105.0,0.8602941176470589,,,
780,1809,1940.0,0.0,10.96572129693868,0.0,10193,1763517610.0076032,0.0,0.0,474.0,23.0,0.0,1.0,0.0,15.0,1.0,0.0,1.0,0.0,1.0,1.0,0.0,0.0,1,0.0,0.0,219.0,0.9150000214869655,34.0,136.0,150.0,116.0,0.46875,42.0,65.0,59.0,17.0,0.35542168674698793,,,
784,1813,308.0,0.0,7.162150064104142,0.0,5862,1763404334.7614858,0.0,0.0,47.0,4.0,0.0,1.0,0.0,6.0,1.0,0.0,1.0,0.0,3.0,1.0,0.0,0.0,0,0.0,0.0,25.0,0.9402859586706311,2.0,0.0,4.0,2.0,0.6666666666666666,10.0,0.0,11.0,1.0,0.5238095238095238,,,
785,1814,1154.0,0.0,9.787546992937397,0.0,10769,1764441354.2686918,0.0,0.0,280.0,20.0,0.0,1.0,0.0,16.0,1.0,0.0,1.0,0.0,1.0,1.0,0.0,0.0,0,0.0,30.0,177.0,0.9254500064049918,45.0,48.0,93.0,48.0,0.5,49.0,29.0,48.0,-1.0,0.38095238095238093,,,
786,1815,1805.0,0.0,9.918027813644771,0.0,21412,1762929479.497275,0.0,0.0,331.0,18.0,0.0,1.0,0.0,23.0,0.9939577039274925,0.0,1.0,0.0,1.0,1.0,0.0,0.0,1,0.0,0.0,192.0,0.9276560787801049,27.0,109.0,46.0,19.0,0.25274725274725274,22.0,61.0,13.0,-9.0,0.13541666666666666,,,
787,1816,1238.0,0.0,10.435952722150923,0.0,9129,1762929251.7825844,0.0,0.0,351.0,17.0,0.0,1.0,0.0,14.0,1.0,0.0,1.0,0.0,3.0,1.0,0.0,0.0,1,0.0,0.0,228.0,0.9813387358307915,53.0,38.0,25.0,-28.0,0.21551724137931033,27.0,19.0,12.0,-15.0,0.20689655172413793,,,
790,1820,366.0,0.0,6.998609835038044,0.0,3569,1763106803.100852,0.0,0.0,57.0,3.0,0.0,1.0,0.0,3.0,0.9649122807017544,0.0,1.0,0.0,2.0,1.0,0.0,0.0,0,0.0,0.0,101.0,0.7686913027030167,0.0,0.0,42.0,42.0,1.0,9.0,12.0,22.0,13.0,0.5116279069767442,,,
791,1821,2209.0,0.0,10.45405474628539,0.0,18307,1764710127.692023,0.0,0.0,439.0,34.0,0.0,1.0,0.0,21.0,0.9977220956719818,0.0,1.0,0.0,1.0,1.0,0.0,0.0,1,0.0,30.0,255.0,0.991389520721576,33.0,94.0,170.0,137.0,0.5723905723905723,31.0,36.0,54.0,23.0,0.4462809917355372,,,
793,1823,1622.0,0.0,11.71437169923839,0.0,14142,1763841179.9187083,0.0,0.0,445.0,24.0,0.0,1.0,0.0,16.0,1.0,0.0,1.0,0.0,2.0,1.0,0.0,0.0,1,0.0,26.0,263.0,1.0849383670282802,68.0,99.0,117.0,49.0,0.4119718309859155,26.0,31.0,35.0,9.0,0.3804347826086957,,,
795,1825,510.0,0.0,10.144040486178715,0.0,4363,1764136702.3506715,0.0,0.0,10.0,4.0,1.0,1.0,,1.0,0.7,,,,,,,,1,0.0,83.0,30.0,1.240336113746442,10.0,0.0,0.0,-10.0,0.0,100.0,6.0,53.0,-47.0,0.3333333333333333,,,
796,1826,697.0,0.0,15.378436221957253,0.0,4326,1757711509.0520835,0.0,0.0,42.0,6.0,0.0,1.0,0.0,7.0,0.9285714285714286,0.0,1.0,0.0,5.0,1.0,0.0,0.0,1,0.0,0.0,23.0,0.7276027178688825,,,,,,,,,,,,,
797,1827,2159.0,0.0,15.879728171501746,0.0,16574,1761200364.6649067,0.0,0.0,328.0,21.0,0.0,1.0,0.0,16.0,0.9969512195121951,0.0,1.0,0.0,1.0,1.0,0.0,0.0,1,0.0,0.0,305.0,0.9726192217007499,15.0,0.0,0.0,-15.0,0.0,19.0,0.0,7.0,-12.0,0.2692307692307692,,,
798,1828,854.0,0.0,10.113327740518661,0.0,6467,1762861654.3157547,0.0,0.0,132.0,14.0,0.0,1.0,,9.0,1.0,,,,,,,,1,0.0,30.0,144.0,0.9564910001001763,29.0,6.0,8.0,-21.0,0.18604651162790697,18.0,18.0,20.0,2.0,0.35714285714285715,,,
799,1829,1436.0,0.0,12.776700117733746,0.0,5800,1763706197.7654264,0.0,0.0,344.0,13.0,0.0,1.0,,11.0,0.997093023255814,0.0,1.0,0.0,1.0,1.0,0.0,0.0,0,0.0,0.0,107.0,0.9298566255277785,45.0,6.0,102.0,57.0,0.6666666666666666,50.0,18.0,54.0,4.0,0.4426229508196721,,,
803,1833,2994.0,0.0,13.34839571348765,0.0,20965,1761439904.989751,0.0,0.0,444.0,24.0,0.0,1.0,0.0,35.0,1.0,0.0,1.0,0.0,4.0,1.0,0.0,0.0,1,0.0,0.0,276.0,0.8877639478538829,88.0,1.0,29.0,-59.0,0.2457627118644068,75.0,9.0,42.0,-33.0,0.3333333333333333,,,
805,1835,1894.0,0.0,13.100105375030523,0.0,21918,1761239317.8906562,0.0,0.0,472.0,21.0,0.0,1.0,0.0,17.0,1.0,,,,,,,,0,0.0,0.0,127.0,0.9910760598382222,41.0,0.0,0.0,-41.0,0.0,31.0,0.0,0.0,-31.0,0.0,,,
806,1836,2224.0,0.0,14.76277844072373,0.0,31869,1762870026.829606,0.0,0.0,297.0,20.0,0.0,1.0,0.0,13.0,1.0,0.0,1.0,0.0,8.0,1.0,0.0,0.0,0,20.0,0.0,312.0,0.7512149657741496,87.0,1.0,32.0,-55.0,0.26666666666666666,53.0,10.0,12.0,-41.0,0.16,,,
807,1838,1359.0,0.0,12.68369813789888,0.0,14017,1762089372.6783895,0.0,0.0,283.0,26.0,0.0,1.0,0.0,15.0,0.9964664310954063,0.0,1.0,0.0,5.0,1.0,0.0,0.0,1,0.0,0.0,260.0,0.9335869855323569,25.0,30.0,0.0,-25.0,0.0,20.0,28.0,0.0,-20.0,0.0,,,
808,1839,1739.0,0.0,12.628605753843757,0.0,19471,1762424780.0461695,0.0,0.0,396.0,25.0,0.0,1.0,0.0,21.0,0.9949494949494949,0.0,1.0,0.0,7.0,1.0,0.0,0.0,1,0.0,0.0,298.0,0.9536818743463132,192.0,0.0,28.0,-164.0,0.12727272727272726,84.0,1.0,15.0,-69.0,0.15,,,
810,1841,1886.0,0.0,13.913115910907722,0.0,8649,1761502862.040688,0.0,0.0,600.0,28.0,0.0,2.0,0.0,18.0,1.0,0.0,1.0,0.0,1.0,1.0,0.0,0.0,1,0.0,0.0,191.0,0.9926522979872346,48.0,34.0,0.0,-48.0,0.0,57.0,99.0,0.0,-57.0,0.0,,,
811,1842,2451.0,0.0,13.99288742248643,0.0,18154,1762195439.188287,0.0,0.0,515.0,32.0,0.0,2.0,0.0,24.0,0.9980582524271845,0.0,1.0,0.0,7.0,1.0,0.0,0.0,1,0.0,0.0,240.0,1.020034642954461,64.0,87.0,23.0,-41.0,0.13218390804597702,49.0,71.0,22.0,-27.0,0.15492957746478872,,,
812,1843,2193.0,0.0,13.35025673627134,0.0,9218,1760280725.9456172,0.0,0.0,396.0,26.0,0.0,2.0,0.0,17.0,1.0,0.0,1.0,0.0,6.0,1.0,0.0,0.0,1,0.0,0.0,229.0,0.9393067143172649,87.0,57.0,0.0,-87.0,0.0,31.0,76.0,8.0,-23.0,0.06956521739130435,,,
813,1844,1724.0,0.0,11.146690190847409,0.0,14787,1761313752.5510256,0.0,0.0,335.0,30.0,0.0,2.0,0.0,27.0,0.9970149253731343,0.0,1.0,0.0,2.0,1.0,0.0,0.0,1,0.0,0.0,221.0,0.905773529165759,48.0,22.0,0.0,-48.0,0.0,53.0,40.0,0.0,-53.0,0.0,,,
814,1845,3075.0,0.0,13.446177571138994,0.0,18982,1762011015.7292135,0.0,0.0,533.0,41.0,0.0,2.0,0.0,29.0,1.0,0.0,1.0,0.0,12.0,1.0,0.0,0.0,1,0.0,0.0,320.0,0.9449382598624694,82.0,64.0,9.0,-73.0,0.05806451612903226,63.0,60.0,21.0,-42.0,0.14583333333333334,,,
815,1846,1772.0,0.0,10.991881763131262,0.0,14528,1761242754.008295,0.0,0.0,402.0,36.0,0.0,2.0,0.0,24.0,0.9975124378109452,0.0,1.0,0.0,1.0,1.0,0.0,0.0,1,0.0,0.0,292.0,0.9961919064764031,25.0,13.0,0.0,-25.0,0.0,37.0,14.0,0.0,-37.0,0.0,,,
817,1848,2650.0,0.0,13.730419258721295,0.0,32254,1760616471.2557516,0.0,0.0,547.0,33.0,0.0,2.0,0.0,27.0,1.0,0.0,1.0,0.0,10.0,1.0,0.0,0.0,0,0.0,0.0,225.0,1.0681887495914248,91.0,82.0,18.0,-73.0,0.09424083769633508,46.0,60.0,44.0,-2.0,0.29333333333333333,,,
819,1850,3929.0,0.0,11.41648771001302,0.0,39579,1762785142.3062844,0.0,0.0,577.0,33.0,0.0,2.0,0.0,26.0,0.9982668977469671,0.0,1.0,0.0,8.0,1.0,0.0,0.0,1,0.0,162.0,303.0,1.1479400227253564,161.0,29.0,69.0,-92.0,0.26640926640926643,158.0,168.0,50.0,-108.0,0.13297872340425532,,,
821,1852,2757.0,0.0,13.505949760334783,0.0,13726,1761760322.716132,0.0,0.0,528.0,28.0,0.0,2.0,0.0,27.0,0.9981060606060606,0.0,1.0,0.0,5.0,1.0,0.0,0.0,0,0.0,17.0,263.0,0.9773279783847847,74.0,107.0,21.0,-53.0,0.10396039603960396,30.0,101.0,17.0,-13.0,0.11486486486486487,,,
822,1853,2572.0,0.0,15.263048379930106,0.0,18652,1763200585.2737749,0.0,0.0,538.0,33.0,0.0,2.0,0.0,17.0,1.0,0.0,1.0,0.0,20.0,1.0,0.0,0.0,0,0.0,30.0,257.0,0.991449594124478,72.0,67.0,35.0,-37.0,0.20114942528735633,34.0,48.0,51.0,17.0,0.38345864661654133,,,
823,1854,1828.0,0.0,9.96364890025349,0.0,17663,1763429012.1197114,0.0,0.0,355.0,31.0,0.0,2.0,0.0,25.0,1.0,0.0,1.0,0.0,2.0,1.0,0.0,0.0,0,0.0,0.0,215.0,0.9292585786220182,40.0,74.0,19.0,-21.0,0.14285714285714285,38.0,88.0,33.0,-5.0,0.20754716981132076,,,
824,1855,2080.0,0.0,12.939513603391761,0.0,9727,1761956212.1634483,0.0,0.0,418.0,32.0,0.0,2.0,0.0,22.0,0.9976076555023924,0.0,1.0,0.0,18.0,1.0,0.0,0.0,1,0.0,0.0,267.0,1.0383352955263485,65.0,83.0,7.0,-58.0,0.04516129032258064,43.0,117.0,5.0,-38.0,0.030303030303030304,,,
830,1864,3035.0,0.0,12.573808850590451,0.0,28062,1761980860.2156668,0.0,0.0,415.0,36.0,0.0,2.0,0.0,29.0,0.9951807228915662,0.0,1.0,0.0,10.0,1.0,0.0,0.0,1,0.0,0.0,228.0,0.9604530626587554,36.0,30.0,10.0,-26.0,0.13157894736842105,58.0,56.0,120.0,62.0,0.5128205128205128,,,
831,1866,1259.0,0.0,9.99495351831399,0.0,15343,1762679646.338051,0.0,0.0,299.0,22.0,0.0,1.0,0.0,20.0,0.9933110367892977,0.0,1.0,0.0,3.0,1.0,0.0,0.0,1,0.0,0.0,167.0,0.995148095654003,19.0,42.0,0.0,-19.0,0.0,40.0,79.0,0.0,-40.0,0.0,,,
836,1872,1285.0,0.0,21.76765726104098,0.0,8956,1761078071.295036,0.0,0.0,131.0,16.0,0.0,1.0,0.0,9.0,0.9847328244274809,0.0,1.0,0.0,3.0,1.0,0.0,0.0,1,0.0,0.0,75.0,0.8485869128944876,19.0,76.0,7.0,-12.0,0.06862745098039216,25.0,90.0,7.0,-18.0,0.05737704918032787,,,
838,1874,2143.0,0.0,13.067421315430249,0.0,13198,1762241191.6572254,0.0,0.0,427.0,26.0,0.0,2.0,0.0,17.0,0.9929742388758782,0.0,1.0,0.0,2.0,1.0,0.0,0.0,1,12.0,26.0,159.0,0.9794282275167507,48.0,82.0,0.0,-48.0,0.0,41.0,80.0,0.0,-41.0,0.0,,,
839,1875,1824.0,0.0,10.090817443280521,0.0,27511,1762921054.9263554,0.0,0.0,269.0,28.0,0.0,2.0,0.0,13.0,0.9962825278810409,0.0,1.0,0.0,6.0,1.0,0.0,0.0,0,19.0,0.0,173.0,0.6683904700823816,56.0,30.0,86.0,30.0,0.5,109.0,17.0,104.0,-5.0,0.45217391304347826,,,
840,1876,3815.0,0.0,16.91465335425417,0.0,38837,1763372218.4688401,0.0,0.0,724.0,37.0,0.0,1.0,0.0,32.0,1.0,0.0,1.0,0.0,6.0,1.0,0.0,0.0,0,11.0,0.0,273.0,0.9583485169215336,133.0,108.0,0.0,-133.0,0.0,171.0,104.0,6.0,-165.0,0.021352313167259787,,,
841,1877,3199.0,0.0,11.706469399064392,0.0,19600,1762779718.460039,0.0,0.0,506.0,31.0,0.0,1.0,0.0,33.0,1.0,0.0,1.0,0.0,2.0,1.0,0.0,0.0,0,29.0,0.0,210.0,0.9300454253673129,66.0,120.0,55.0,-11.0,0.22821576763485477,74.0,107.0,36.0,-38.0,0.16589861751152074,,,
842,1878,1953.0,0.0,8.285492734829338,0.0,33414,1761689757.0630486,0.0,0.0,375.0,26.0,0.0,1.0,0.0,28.0,1.0,0.0,1.0,0.0,6.0,1.0,0.0,0.0,0,12.0,130.0,139.0,0.954159989254377,63.0,51.0,0.0,-63.0,0.0,86.0,30.0,0.0,-86.0,0.0,,,
845,1882,1799.0,0.0,10.020617624533134,0.0,17782,1761246240.6589425,0.0,0.0,280.0,22.0,0.0,2.0,0.0,21.0,0.9928571428571429,0.0,1.0,0.0,5.0,1.0,0.0,0.0,0,0.0,0.0,156.0,0.9619493993467001,36.0,0.0,2.0,-34.0,0.05263157894736842,43.0,19.0,8.0,-35.0,0.11428571428571428,,,
846,1883,4762.0,0.0,13.04242004203839,0.0,58632,1762670564.8206189,0.0,0.0,349.0,29.0,0.0,1.0,0.0,32.0,1.0,0.0,1.0,0.0,14.0,1.0,0.0,0.0,1,0.0,0.0,225.0,0.7701321102807072,50.0,22.0,67.0,17.0,0.48201438848920863,118.0,49.0,50.0,-68.0,0.2304147465437788,,,
847,1884,688.0,0.0,13.426994303386886,0.0,13943,1760466787.1758246,0.0,0.0,73.0,8.0,0.0,2.0,0.0,7.0,1.0,0.0,1.0,0.0,7.0,1.0,0.0,0.0,0,0.0,0.0,42.0,0.6928098850240134,0.0,12.0,0.0,0.0,0.0,0.0,17.0,0.0,0.0,0.0,,,
849,1886,3446.0,0.0,17.35667484601095,0.0,37297,1764356057.2004735,0.0,0.0,415.0,32.0,0.0,2.0,0.0,18.0,1.0,0.0,1.0,0.0,7.0,1.0,0.0,0.0,1,0.0,46.0,292.0,0.6911111298982427,12.0,15.0,244.0,232.0,0.9003690036900369,69.0,104.0,164.0,95.0,0.486646884272997,,,
850,1887,1447.0,0.0,10.61695502783382,0.0,12376,1761602117.2675061,0.0,0.0,134.0,11.0,0.0,1.0,0.0,15.0,1.0,0.0,1.0,0.0,4.0,1.0,0.0,0.0,1,0.0,0.0,263.0,0.743169752613293,0.0,5.0,20.0,20.0,0.8,22.0,20.0,28.0,6.0,0.4,,,
851,1888,131.0,0.0,7.156202531630646,0.0,1210,1761695355.5197213,0.0,0.0,,,,,,,,0.0,1.0,0.0,4.0,1.0,0.0,0.0,1,0.0,0.0,33.0,-0.0,,,,,,,,,,,,,
857,1896,2576.0,0.0,11.12522374437742,0.0,12353,1764842161.0111399,0.0,0.0,319.0,26.0,0.0,2.0,0.0,14.0,1.0,0.0,1.0,0.0,6.0,1.0,0.0,0.0,1,0.0,0.0,362.0,0.9886061063726563,3.0,19.0,200.0,197.0,0.9009009009009009,46.0,94.0,165.0,119.0,0.5409836065573771,,,
860,1901,2072.0,0.0,15.905868492639076,0.0,6867,1763561253.4120374,0.0,0.0,187.0,16.0,0.0,2.0,,9.0,1.0,0.0,1.0,0.0,1.0,1.0,0.0,0.0,0,0.0,147.0,154.0,0.7727668364577485,65.0,0.0,0.0,-65.0,0.0,81.0,0.0,27.0,-54.0,0.25,,,
862,1903,1229.0,0.0,12.179096116436046,0.0,8333,1760900845.0235865,0.0,0.0,307.0,16.0,0.0,1.0,0.0,8.0,0.996742671009772,0.0,1.0,0.0,3.0,1.0,0.0,0.0,0,0.0,0.0,129.0,0.6772407516643246,,,,,,,,,,,,,
866,1908,298.0,0.0,10.00495244877889,0.0,9494,1764489116.8027334,0.0,0.0,16.0,3.0,1.0,1.0,,1.0,1.0,,,,,,,,0,0.0,22.0,7.0,1.074033615429182,16.0,0.0,0.0,-16.0,0.0,69.0,0.0,0.0,-69.0,0.0,,,
869,1912,1714.0,0.0,10.927892824032499,0.0,16440,1760676418.0239303,0.0,0.0,157.0,12.0,1.0,2.0,0.0,15.0,0.9936305732484076,0.0,1.0,0.0,6.0,1.0,0.0,0.0,0,0.0,0.0,91.0,0.7245822642350808,,,,,,21.0,16.0,19.0,-2.0,0.3392857142857143,,,
871,1914,738.0,0.0,8.778441599969364,0.0,7170,1761275611.8483825,0.0,0.0,49.0,7.0,0.0,1.0,0.0,5.0,0.9591836734693877,0.0,1.0,0.0,4.0,1.0,0.0,0.0,0,0.0,0.0,34.0,0.7121388869871038,,,,,,6.0,0.0,0.0,-6.0,0.0,,,
879,1924,2336.0,0.0,16.611850926098473,0.0,17127,1759359500.0325286,0.0,0.0,328.0,25.0,1.0,2.0,0.0,16.0,1.0,0.0,1.0,0.0,2.0,1.0,0.0,0.0,0,0.0,0.0,198.0,0.9694366044654521,,,,,,0.0,17.0,0.0,0.0,0.0,,,
885,1931,634.0,0.0,9.203807340051121,0.0,2574,1760724139.3021734,0.0,0.0,128.0,14.0,0.0,1.0,0.0,7.0,1.0,,,,,,,,0,0.0,0.0,95.0,0.914192471915107,5.0,0.0,15.0,10.0,0.75,38.0,3.0,11.0,-27.0,0.21153846153846154,,,
886,1932,3824.0,0.0,13.244358329721576,0.0,38033,1760284920.6362236,0.0,0.0,529.0,20.0,1.0,1.0,0.0,17.0,0.994328922495274,0.0,1.0,0.0,4.0,1.0,0.0,0.0,1,0.0,19.0,214.0,1.1803811559678798,7.0,0.0,0.0,-7.0,0.0,21.0,24.0,0.0,-21.0,0.0,,,
889,1936,794.0,0.0,10.051411786336143,0.0,6356,1759569186.9239662,0.0,0.0,184.0,15.0,0.0,1.0,0.0,9.0,1.0,,,,,,,,0,9.0,0.0,112.0,1.2320127810997148,8.0,9.0,15.0,7.0,0.46875,11.0,5.0,21.0,10.0,0.5675675675675675,,,
890,1937,2423.0,0.0,11.245825768121465,0.0,12245,1761538470.8463914,0.0,0.0,308.0,19.0,0.0,2.0,0.0,11.0,0.9967532467532467,0.0,1.0,0.0,1.0,1.0,0.0,0.0,0,0.0,54.0,119.0,1.171242545256893,62.0,39.0,0.0,-62.0,0.0,123.0,91.0,5.0,-118.0,0.0228310502283105,,,
892,1939,970.0,0.0,11.665773942018177,0.0,7316,1761189616.1736414,0.0,0.0,183.0,15.0,0.0,1.0,0.0,9.0,1.0,,,,,,,,0,0.0,0.0,107.0,0.942796672871784,43.0,0.0,19.0,-24.0,0.3064516129032258,65.0,0.0,10.0,-55.0,0.13333333333333333,,,
893,1940,1465.0,0.0,13.760773388368628,0.0,5596,1760840800.1188912,0.0,0.0,223.0,15.0,0.0,1.0,0.0,7.0,1.0,,,,,,,,0,25.0,0.0,121.0,1.002619483086578,51.0,0.0,30.0,-21.0,0.37037037037037035,29.0,5.0,49.0,20.0,0.5903614457831325,,,
894,1941,1378.0,0.0,13.915228002919006,0.0,7014,1761331396.9680738,0.0,0.0,355.0,16.0,0.0,1.0,0.0,7.0,1.0,,,,,,,,0,12.0,0.0,128.0,1.1183358419124396,48.0,30.0,0.0,-48.0,0.0,22.0,9.0,21.0,-1.0,0.40384615384615385,,,
896,1943,1117.0,0.0,13.420517317663286,0.0,6558,1760933409.1830204,0.0,0.0,242.0,16.0,0.0,1.0,0.0,7.0,1.0,,,,,,,,0,0.0,0.0,132.0,0.7849920887641584,33.0,56.0,0.0,-33.0,0.0,43.0,26.0,8.0,-35.0,0.1038961038961039,,,
903,1950,374.0,0.0,10.997284384418611,0.0,5639,1758797733.674335,0.0,0.0,24.0,2.0,0.0,1.0,0.0,2.0,1.0,,,,,,,,1,0.0,0.0,33.0,0.5396084773004917,,,,,,0.0,0.0,21.0,21.0,1.0,,,
908,1956,188.0,0.0,10.312966495076385,0.0,2122,1759644977.9808743,0.0,0.0,2.0,1.0,0.0,1.0,0.0,1.0,1.0,,,,,,,,0,0.0,0.0,8.0,0.10215803640865039,,,,,,0.0,0.0,35.0,35.0,1.0,,,
911,1959,239.0,0.0,7.708578097962921,0.0,2632,1760837973.163047,0.0,0.0,15.0,2.0,0.0,1.0,,1.0,1.0,0.0,1.0,0.0,4.0,1.0,0.0,0.0,1,0.0,0.0,21.0,0.4220005168831531,,,,,,0.0,0.0,13.0,13.0,1.0,,,
912,1962,240.0,0.0,9.658961485463678,0.0,864,1761199794.361638,0.0,0.0,,,,,,,,0.0,1.0,0.0,2.0,1.0,0.0,0.0,1,0.0,0.0,250.0,0.5335263227828173,,,,,,0.0,16.0,26.0,26.0,0.6190476190476191,,,
914,1966,3263.0,0.0,15.457882556643106,0.0,32038,1762787129.5411355,0.0,0.0,561.0,35.0,0.0,2.0,0.0,14.0,0.9982174688057041,,,,,,,,1,0.0,128.0,338.0,1.154968224978973,118.0,44.0,36.0,-82.0,0.18181818181818182,46.0,83.0,51.0,5.0,0.2833333333333333,,,
916,1974,916.0,0.0,12.29119924163978,0.0,5913,1760837253.8023362,0.0,0.0,195.0,17.0,0.0,1.0,0.0,12.0,0.9948717948717949,0.0,1.0,0.0,1.0,1.0,0.0,0.0,1,0.0,0.0,175.0,0.898816907761663,59.0,0.0,0.0,-59.0,0.0,25.0,6.0,0.0,-25.0,0.0,,,
918,1978,911.0,0.0,10.87315014688756,0.0,8887,1760008259.9977655,0.0,0.0,53.0,5.0,1.0,2.0,0.0,5.0,0.9622641509433962,0.0,1.0,0.0,6.0,1.0,0.0,0.0,1,0.0,0.0,93.0,0.925949578509268,,,,,,0.0,47.0,0.0,0.0,0.0,,,
919,1984,1450.0,0.0,9.98448859617672,0.0,26433,1760948365.8415585,0.0,0.0,317.0,26.0,0.0,1.0,0.0,21.0,0.9968454258675079,0.0,1.0,0.0,5.0,1.0,0.0,0.0,1,0.0,0.0,262.0,0.9559990930989408,36.0,3.0,10.0,-26.0,0.20408163265306123,22.0,9.0,11.0,-11.0,0.2619047619047619,,,
920,1985,2031.0,0.0,12.748440151234465,0.0,17443,1761781040.5030212,0.0,0.0,332.0,27.0,0.0,1.0,0.0,24.0,1.0,0.0,1.0,0.0,7.0,1.0,0.0,0.0,1,0.0,0.0,260.0,0.9596868937742169,38.0,14.0,0.0,-38.0,0.0,42.0,14.0,0.0,-42.0,0.0,,,
921,1986,1799.0,0.0,12.410762958607528,0.0,24452,1761639471.049771,0.0,0.0,373.0,31.0,0.0,1.0,0.0,20.0,0.9973190348525469,0.0,1.0,0.0,9.0,1.0,0.0,0.0,1,0.0,33.0,316.0,0.9605187074766162,54.0,45.0,0.0,-54.0,0.0,24.0,26.0,0.0,-24.0,0.0,,,
922,1987,1616.0,0.0,8.868907133078505,0.0,40976,1761600536.1146977,0.0,0.0,288.0,28.0,0.0,1.0,0.0,26.0,0.9930555555555556,0.0,1.0,0.0,5.0,1.0,0.0,0.0,1,0.0,0.0,256.0,0.982432849906733,42.0,8.0,10.0,-32.0,0.16666666666666666,41.0,28.0,23.0,-18.0,0.25,,,
923,1990,1800.0,0.0,11.123332747630348,0.0,20914,1761639305.3036225,0.0,0.0,393.0,30.0,0.0,1.0,0.0,27.0,1.0,0.0,1.0,0.0,2.0,1.0,0.0,0.0,1,0.0,0.0,282.0,0.976975360338475,44.0,33.0,11.0,-33.0,0.125,45.0,52.0,16.0,-29.0,0.1415929203539823,,,
924,1991,1899.0,0.0,12.825585819604955,0.0,10075,1761222677.1290278,0.0,0.0,350.0,27.0,0.0,1.0,0.0,20.0,1.0,0.0,1.0,0.0,2.0,1.0,0.0,0.0,1,0.0,0.0,264.0,0.9794116346561963,67.0,25.0,0.0,-67.0,0.0,37.0,21.0,0.0,-37.0,0.0,,,
925,1993,1333.0,0.0,11.595138062841482,0.0,19244,1760577066.1496437,0.0,0.0,336.0,12.0,1.0,2.0,0.0,14.0,0.9970238095238095,,,,,,,,1,0.0,0.0,110.0,0.9183883668624071,0.0,0.0,8.0,8.0,1.0,13.0,30.0,82.0,69.0,0.656,,,
927,1995,864.0,0.0,10.042536779750499,0.0,4166,1761226216.8854296,0.0,0.0,113.0,11.0,0.0,1.0,0.0,6.0,1.0,,,,,,,,0,0.0,0.0,88.0,0.9907124733749212,,,,,,40.0,0.0,16.0,-24.0,0.2857142857142857,,,
928,1996,1737.0,0.0,11.129443716823063,0.0,23684,1762037328.4958842,0.0,0.0,466.0,29.0,0.0,1.0,0.0,26.0,0.9978540772532188,0.0,1.0,0.0,2.0,1.0,0.0,0.0,1,0.0,0.0,290.0,0.9909007147597781,44.0,24.0,0.0,-44.0,0.0,22.0,13.0,0.0,-22.0,0.0,,,
929,1997,1655.0,0.0,12.37923073993018,0.0,8340,1761849661.598576,0.0,0.0,343.0,25.0,0.0,1.0,0.0,20.0,1.0,0.0,1.0,0.0,2.0,1.0,0.0,0.0,1,0.0,0.0,232.0,0.9461452405629116,57.0,19.0,14.0,-43.0,0.15555555555555556,25.0,13.0,19.0,-6.0,0.3333333333333333,,,
931,1999,3166.0,0.0,15.12307505754398,0.0,15402,1760955864.9652946,0.0,0.0,446.0,24.0,0.0,1.0,0.0,24.0,0.9955156950672646,0.0,1.0,0.0,6.0,1.0,0.0,0.0,1,0.0,0.0,264.0,0.9834412509028283,90.0,13.0,0.0,-90.0,0.0,53.0,12.0,0.0,-53.0,0.0,,,
941,2013,2313.0,0.0,10.577312624002863,0.0,24217,1761185555.4859364,0.0,0.0,532.0,22.0,0.0,1.0,0.0,17.0,1.0,0.0,1.0,0.0,2.0,1.0,0.0,0.0,0,0.0,101.0,158.0,1.1967180738895187,0.0,4.0,0.0,0.0,0.0,30.0,38.0,0.0,-30.0,0.0,,,
942,2016,2489.0,0.0,8.983069524239548,0.0,14334,1761522141.864837,0.0,0.0,416.0,35.0,0.0,2.0,0.0,29.0,0.9927884615384616,0.0,1.0,0.0,4.0,1.0,0.0,0.0,1,0.0,0.0,253.0,1.0473899774741997,50.0,79.0,15.0,-35.0,0.10416666666666667,31.0,99.0,86.0,55.0,0.39814814814814814,,,
943,2017,1349.0,0.0,7.247584914092053,0.0,57096,1761434067.371846,0.0,0.0,289.0,30.0,0.0,1.0,0.0,25.0,0.9930795847750865,0.0,1.0,0.0,4.0,1.0,0.0,0.0,1,0.0,0.0,158.0,0.9587118829771317,43.0,0.0,11.0,-32.0,0.2037037037037037,80.0,34.0,26.0,-54.0,0.18571428571428572,,,
946,2022,2988.0,0.0,10.534422346090524,0.0,48149,1762554015.6942964,0.0,0.0,516.0,28.0,0.0,1.0,0.0,32.0,0.998062015503876,0.0,1.0,0.0,9.0,1.0,0.0,0.0,0,0.0,30.0,171.0,0.862621647138633,39.0,2.0,30.0,-9.0,0.4225352112676056,24.0,67.0,80.0,56.0,0.4678362573099415,,,
949,2025,2045.0,0.0,14.715179711123312,0.0,14709,1761899138.5690677,0.0,0.0,262.0,22.0,0.0,2.0,0.0,17.0,0.9885496183206107,0.0,1.0,0.0,1.0,1.0,0.0,0.0,0,0.0,0.0,139.0,0.9302917190344344,32.0,0.0,0.0,-32.0,0.0,72.0,27.0,0.0,-72.0,0.0,,,
952,2028,2012.0,0.0,14.797640770700689,0.0,8483,1761029963.0765936,0.0,0.0,352.0,22.0,0.0,1.0,0.0,19.0,1.0,0.0,1.0,0.0,5.0,1.0,0.0,0.0,1,0.0,0.0,168.0,0.9230681940512595,71.0,0.0,0.0,-71.0,0.0,111.0,0.0,0.0,-111.0,0.0,,,
953,2029,1613.0,0.0,11.977172439659503,0.0,10993,1762186645.7830591,0.0,0.0,270.0,21.0,0.0,1.0,0.0,18.0,1.0,0.0,1.0,0.0,1.0,1.0,0.0,0.0,1,0.0,0.0,140.0,0.8723332677912189,40.0,5.0,0.0,-40.0,0.0,55.0,53.0,0.0,-55.0,0.0,,,
954,2030,1919.0,0.0,12.369169938404013,0.0,21646,1761578023.827591,0.0,0.0,293.0,20.0,0.0,1.0,0.0,15.0,1.0,0.0,1.0,0.0,4.0,1.0,0.0,0.0,1,0.0,0.0,162.0,0.9983104413610835,55.0,0.0,0.0,-55.0,0.0,59.0,42.0,0.0,-59.0,0.0,,,
956,2033,3198.0,0.0,11.980982030540122,0.0,37569,1763215028.5060415,0.0,0.0,409.0,35.0,0.0,1.0,0.0,29.0,1.0,0.0,1.0,0.0,15.0,1.0,0.0,0.0,1,0.0,0.0,250.0,1.0543961158478483,109.0,30.0,10.0,-99.0,0.06711409395973154,96.0,64.0,31.0,-65.0,0.16230366492146597,,,
957,2034,1659.0,0.0,11.424900313491671,0.0,16499,1761300776.3264687,0.0,0.0,345.0,21.0,0.0,2.0,0.0,12.0,1.0,0.0,1.0,0.0,6.0,1.0,0.0,0.0,1,0.0,0.0,156.0,0.8347497074885865,1.0,119.0,0.0,-1.0,0.0,17.0,83.0,0.0,-17.0,0.0,,,
958,2035,5119.0,0.0,19.433215603377068,0.0,27802,1762040107.4528356,0.0,0.0,522.0,33.0,0.0,2.0,0.0,19.0,0.9980842911877394,0.0,1.0,0.0,22.0,1.0,0.0,0.0,0,0.0,0.0,237.0,0.8046780653528003,89.0,30.0,0.0,-89.0,0.0,70.0,99.0,0.0,-70.0,0.0,,,
964,2041,5265.0,0.0,13.11326770299576,0.0,55765,1762853086.7413104,0.0,0.0,730.0,40.0,0.0,2.0,0.0,40.0,0.9986301369863013,0.0,1.0,0.0,5.0,1.0,0.0,0.0,1,20.0,45.0,317.0,1.101256139277398,208.0,21.0,66.0,-142.0,0.22372881355932203,178.0,73.0,117.0,-61.0,0.3179347826086957,,,
966,2043,1279.0,0.0,10.302564159808194,0.0,8645,1760953746.6325457,0.0,0.0,206.0,18.0,0.0,2.0,0.0,11.0,1.0,0.0,1.0,0.0,2.0,1.0,0.0,0.0,1,0.0,0.0,207.0,0.7997507420717134,21.0,0.0,14.0,-7.0,0.4,74.0,0.0,16.0,-58.0,0.17777777777777778,,,
968,2045,4117.0,0.0,16.737598133778437,0.0,24097,1761517152.0404007,0.0,0.0,423.0,32.0,0.0,2.0,0.0,20.0,0.9952718676122931,0.0,1.0,0.0,8.0,1.0,0.0,0.0,0,0.0,0.0,291.0,0.7780709503110868,89.0,52.0,1.0,-88.0,0.007042253521126761,69.0,40.0,17.0,-52.0,0.1349206349206349,,,
972,6146,3555.0,0.0,14.121871029562694,0.0,13121,1767078789.1684194,0.0,0.0,138.0,14.0,1.0,2.0,,16.0,0.9782608695652174,0.0,1.0,0.0,2.0,1.0,0.0,0.0,1,0.0,19.0,94.0,1.1147630878410162,13.0,26.0,0.0,-13.0,0.0,73.0,110.0,126.0,53.0,0.4077669902912621,,,
973,6147,3866.0,0.0,16.298399130399506,0.0,21286,1768447688.2729707,0.0,0.0,437.0,27.0,1.0,2.0,,27.0,1.0,0.0,1.0,0.0,2.0,1.0,0.0,0.0,1,9.0,36.0,240.0,1.1799155948946174,67.0,143.0,133.0,66.0,0.3877551020408163,130.0,181.0,212.0,82.0,0.40535372848948376,,,
983,6165,3680.0,0.0,19.524817822084163,0.0,16148,1767830372.237997,0.0,0.0,315.0,19.0,1.0,2.0,,10.0,0.9968253968253968,0.0,1.0,0.0,14.0,1.0,0.0,0.0,0,0.0,125.0,184.0,1.2032176956271745,0.0,0.0,156.0,156.0,1.0,2.0,36.0,169.0,167.0,0.8164251207729468,,,
987,6170,986.0,0.0,18.50759768596573,0.0,2532,1765088971.6621315,0.0,0.0,45.0,5.0,1.0,1.0,,4.0,1.0,0.0,1.0,0.0,1.0,1.0,0.0,0.0,0,0.0,0.0,33.0,0.74558534276181,0.0,6.0,0.0,0.0,0.0,0.0,36.0,0.0,0.0,0.0,,,
995,6186,2171.0,0.0,19.934184608975386,0.0,5813,1763248697.1030574,0.0,0.0,315.0,23.0,1.0,2.0,,9.0,1.0,0.0,1.0,0.0,3.0,1.0,0.0,0.0,0,0.0,0.0,205.0,0.6743734075234434,,,,,,7.0,0.0,0.0,-7.0,0.0,,,
997,6190,1350.0,0.0,15.551778470437183,0.0,8771,1763175032.2175908,0.0,0.0,142.0,15.0,1.0,2.0,,10.0,0.9929577464788732,0.0,1.0,0.0,12.0,1.0,0.0,0.0,0,0.0,22.0,135.0,0.8235510708638315,,,,,,,,,,,,,
998,6191,1591.0,0.0,13.601834943924485,0.0,7305,1765556379.413175,0.0,0.0,151.0,12.0,1.0,2.0,,8.0,1.0,0.0,1.0,0.0,12.0,1.0,0.0,0.0,0,0.0,0.0,148.0,0.6647117440195348,0.0,0.0,21.0,21.0,1.0,0.0,8.0,44.0,44.0,0.8461538461538461,,,
1005,6201,1359.0,0.0,9.51415487523277,0.0,7516,1766376934.0068035,0.0,0.0,61.0,8.0,1.0,2.0,,7.0,0.9836065573770492,,,,,,,,0,0.0,0.0,59.0,1.0715768195186173,14.0,3.0,15.0,1.0,0.46875,42.0,33.0,77.0,35.0,0.506578947368421,,,
1007,6203,1620.0,0.0,12.021039550194917,0.0,6124,1766161251.5136635,0.0,0.0,86.0,7.0,1.0,2.0,,5.0,1.0,0.0,1.0,0.0,1.0,1.0,0.0,0.0,1,0.0,0.0,92.0,0.7295281093986019,4.0,37.0,2.0,-2.0,0.046511627906976744,37.0,52.0,31.0,-6.0,0.25833333333333336,,,
1011,6219,1514.0,0.0,15.720934012643424,0.0,14761,1765510744.2125766,0.0,0.0,142.0,12.0,0.0,2.0,,7.0,1.0,0.0,1.0,0.0,4.0,1.0,0.0,0.0,0,0.0,0.0,110.0,1.051814657811308,,,,,,5.0,51.0,37.0,32.0,0.3978494623655914,,,
1025,6237,2363.0,0.0,14.71822679653927,0.0,7368,1764522496.5272152,0.0,0.0,281.0,14.0,1.0,2.0,,10.0,1.0,0.0,1.0,0.0,2.0,1.0,0.0,0.0,0,9.0,0.0,138.0,0.7338270065860332,88.0,10.0,0.0,-88.0,0.0,25.0,18.0,24.0,-1.0,0.3582089552238806,,,
1040,6253,2055.0,0.0,14.23123046690289,0.0,13519,1767106350.5365787,0.0,0.0,154.0,15.0,0.0,2.0,,7.0,1.0,0.0,1.0,0.0,5.0,1.0,0.0,0.0,1,0.0,0.0,136.0,0.7452472918458743,0.0,27.0,13.0,13.0,0.325,23.0,151.0,22.0,-1.0,0.11224489795918367,,,
1058,6274,1938.0,0.0,12.809812949158008,0.0,20637,1763654215.3136075,0.0,0.0,117.0,15.0,1.0,2.0,0.0,12.0,0.9658119658119658,0.0,1.0,0.0,11.0,1.0,0.0,0.0,1,0.0,0.0,133.0,0.68203612184564,37.0,0.0,0.0,-37.0,0.0,99.0,0.0,6.0,-93.0,0.05714285714285714,,,
1067,6291,2864.0,0.0,26.630054552218056,0.0,41816,1768548778.290512,0.0,0.0,475.0,25.0,1.0,2.0,,20.0,0.9978947368421053,0.0,1.0,0.0,17.0,1.0,0.0,0.0,1,0.0,0.0,230.0,0.9807065797526957,6.0,136.0,139.0,133.0,0.49466192170818507,58.0,205.0,154.0,96.0,0.36930455635491605,,,
1071,6296,3098.0,0.0,9.915104197648526,0.0,26815,1765655841.2103646,0.0,0.0,553.0,33.0,1.0,2.0,,25.0,1.0,0.0,1.0,0.0,10.0,1.0,0.0,0.0,1,0.0,0.0,277.0,1.1548850515618323,66.0,61.0,0.0,-66.0,0.0,211.0,73.0,68.0,-143.0,0.19318181818181818,,,
1087,6314,10167.0,0.0,22.445032183348246,0.0,21955,1766577874.9405134,0.0,0.0,213.0,11.0,0.0,2.0,,12.0,1.0,0.0,1.0,0.0,14.0,1.0,0.0,0.0,0,59.0,71.0,116.0,0.8333584790903137,0.0,0.0,8.0,8.0,1.0,53.0,14.0,293.0,240.0,0.8138888888888889,,,
1089,6316,3888.0,0.0,15.034057869648764,0.0,50249,1768448723.6751943,0.0,0.0,261.0,27.0,0.0,2.0,,24.0,0.9961685823754789,0.0,1.0,0.0,25.0,1.0,0.0,0.0,0,20.0,46.0,159.0,0.8651710220661067,69.0,107.0,57.0,-12.0,0.2446351931330472,385.0,279.0,136.0,-249.0,0.17,,,
1092,6320,1516.0,0.0,9.090301822005083,0.0,13961,1765645648.961865,0.0,0.0,311.0,18.0,0.0,1.0,,17.0,0.9967845659163987,0.0,1.0,0.0,7.0,1.0,0.0,0.0,0,50.0,0.0,115.0,0.8032747904294829,,,,,,12.0,4.0,15.0,3.0,0.4838709677419355,,,
1094,6322,542.0,0.0,12.460140612141618,0.0,2163,1763920405.4051812,0.0,0.0,38.0,2.0,0.0,1.0,,5.0,1.0,0.0,1.0,0.0,1.0,1.0,0.0,0.0,0,0.0,0.0,46.0,0.6136190195993708,1.0,0.0,0.0,-1.0,0.0,18.0,3.0,0.0,-18.0,0.0,,,
1101,6329,4708.0,0.0,12.600767496534177,0.0,38308,1767097354.4225936,0.0,0.0,795.0,39.0,0.0,2.0,,30.0,0.9987421383647799,0.0,1.0,0.0,22.0,1.0,0.0,0.0,1,0.0,0.0,315.0,0.9451747295328011,70.0,133.0,115.0,45.0,0.36163522012578614,57.0,124.0,133.0,76.0,0.42356687898089174,,,
1103,6331,1811.0,0.0,13.846510485764227,0.0,11526,1765275635.3797393,0.0,0.0,170.0,16.0,0.0,2.0,,6.0,1.0,0.0,1.0,0.0,3.0,1.0,0.0,0.0,0,43.0,102.0,182.0,1.0849078828846663,,,,,,9.0,5.0,29.0,20.0,0.6744186046511628,,,
1107,6336,3055.0,0.0,14.812231643185592,0.0,19386,1765231277.2589426,0.0,0.0,215.0,18.0,0.0,2.0,,12.0,0.9953488372093023,0.0,1.0,0.0,8.0,1.0,0.0,0.0,0,11.0,102.0,154.0,0.9231197001456839,0.0,1.0,10.0,10.0,0.9090909090909091,54.0,63.0,119.0,65.0,0.5042372881355932,,,
1109,6338,1977.0,0.0,14.103086417855978,0.0,8030,1763015377.8926673,0.0,0.0,193.0,16.0,0.0,2.0,,7.0,1.0,0.0,1.0,0.0,1.0,1.0,0.0,0.0,1,0.0,82.0,146.0,1.0432617139928178,,,,,,,,,,,,,
1117,6347,3475.0,0.0,18.86948657648203,0.0,27576,1768086938.5690591,0.0,0.0,593.0,22.0,1.0,2.0,,8.0,1.0,0.0,1.0,0.0,7.0,1.0,0.0,0.0,1,0.0,81.0,213.0,1.054142668530036,0.0,0.0,254.0,254.0,1.0,33.0,54.0,457.0,424.0,0.8400735294117647,,,
1120,6350,1371.0,0.0,12.674361973159272,0.0,13313,1764072367.6113284,0.0,0.0,129.0,11.0,0.0,2.0,,6.0,1.0,0.0,1.0,0.0,2.0,1.0,0.0,0.0,0,19.0,30.0,114.0,0.9936139213181316,,,,,,10.0,1.0,0.0,-10.0,0.0,,,
1122,6355,843.0,0.0,17.23438780576372,0.0,7458,1765812485.834903,0.0,0.0,101.0,7.0,1.0,2.0,,5.0,1.0,0.0,1.0,0.0,4.0,1.0,0.0,0.0,1,0.0,0.0,68.0,0.9948243847691667,0.0,0.0,12.0,12.0,1.0,27.0,14.0,37.0,10.0,0.47435897435897434,,,
1125,6368,419.0,0.0,10.109574716990773,0.0,5452,1764236301.0960176,0.0,0.0,40.0,6.0,0.0,2.0,,6.0,0.95,0.0,1.0,0.0,1.0,1.0,0.0,0.0,0,0.0,0.0,30.0,0.8198800490243343,1.0,0.0,0.0,-1.0,0.0,23.0,4.0,5.0,-18.0,0.15625,,,
1127,6370,1016.0,0.0,9.964604002092281,0.0,9388,1765405849.974289,0.0,0.0,143.0,5.0,0.0,1.0,,6.0,1.0,0.0,1.0,0.0,4.0,1.0,0.0,0.0,1,0.0,0.0,33.0,1.1073891856989362,,,,,,17.0,6.0,63.0,46.0,0.7325581395348837,,,
1156,6405,976.0,0.0,14.468231610238146,0.0,3865,1766141305.6850407,0.0,0.0,49.0,3.0,1.0,2.0,,5.0,1.0,0.0,1.0,0.0,11.0,1.0,0.0,0.0,1,0.0,0.0,82.0,0.6955332884432576,0.0,0.0,18.0,18.0,1.0,0.0,52.0,59.0,59.0,0.5315315315315315,,,
1157,6406,35.0,0.0,5.828836884216963,0.0,837,1761735433.7689157,0.0,0.0,,,,,,,,,,,,,,,1,0.0,0.0,49.0,-0.0,,,,,,,,,,,,,
1160,6410,361.0,0.0,7.6549015717925215,0.0,3588,1766958702.6647718,0.0,0.0,2.0,1.0,0.0,1.0,,1.0,1.0,0.0,1.0,0.0,5.0,1.0,0.0,0.0,0,0.0,0.0,16.0,0.8076702057269436,2.0,0.0,0.0,-2.0,0.0,18.0,35.0,30.0,12.0,0.3614457831325301,,,
1167,6418,3751.0,0.0,10.12496355102289,0.0,33296,1764930400.0382683,0.0,0.0,966.0,29.0,1.0,2.0,,26.0,0.9989648033126294,0.0,1.0,0.0,6.0,1.0,0.0,0.0,0,0.0,164.0,263.0,1.2096065216492415,67.0,147.0,134.0,67.0,0.3850574712643678,52.0,178.0,108.0,56.0,0.31952662721893493,,,
1170,6423,2826.0,0.0,10.714780575855722,0.0,42260,1762450326.5953107,0.0,0.0,382.0,34.0,0.0,2.0,0.0,19.0,0.9947643979057592,0.0,1.0,0.0,22.0,1.0,0.0,0.0,0,23.0,0.0,253.0,1.1248978536235406,11.0,0.0,103.0,92.0,0.9035087719298246,21.0,16.0,126.0,105.0,0.7730061349693251,,,
1171,6424,5421.0,0.0,10.378423056956084,0.0,55852,1765900112.0436494,0.0,0.0,613.0,23.0,1.0,2.0,,31.0,1.0,0.0,1.0,0.0,3.0,1.0,0.0,0.0,0,0.0,127.0,199.0,1.4337711179406305,28.0,86.0,32.0,4.0,0.2191780821917808,173.0,138.0,122.0,-51.0,0.2817551963048499,,,
1175,6428,2397.0,0.0,8.79767549914113,0.0,42585,1764784522.7747035,0.0,0.0,397.0,21.0,1.0,2.0,,31.0,1.0,,,,,,,,0,0.0,122.0,135.0,1.2998897440540533,61.0,22.0,0.0,-61.0,0.0,38.0,68.0,69.0,31.0,0.3942857142857143,,,
1176,6429,3966.0,0.0,10.270522489536445,0.0,46025,1765235645.7927847,0.0,0.0,430.0,23.0,1.0,2.0,,35.0,0.9976744186046511,0.0,1.0,0.0,4.0,1.0,0.0,0.0,0,0.0,142.0,162.0,1.1305686466866436,34.0,46.0,47.0,13.0,0.3700787401574803,200.0,200.0,106.0,-94.0,0.20948616600790515,,,
1179,6432,503.0,0.0,9.075956504904308,0.0,4896,1766061330.4405231,0.0,0.0,41.0,6.0,0.0,2.0,,3.0,1.0,0.0,1.0,0.0,5.0,1.0,0.0,0.0,0,20.0,26.0,46.0,1.1864633821718713,0.0,13.0,0.0,0.0,0.0,38.0,35.0,23.0,-15.0,0.23958333333333334,,,
1180,6433,1294.0,0.0,9.649409119792994,0.0,7913,1766303574.7867098,0.0,0.0,39.0,7.0,0.0,1.0,,6.0,0.9743589743589743,0.0,1.0,0.0,4.0,1.0,0.0,0.0,1,0.0,0.0,37.0,0.6168511235614237,5.0,0.0,0.0,-5.0,0.0,35.0,23.0,25.0,-10.0,0.30120481927710846,,,
1181,6434,633.0,0.0,14.62075914383968,0.0,5518,1761239757.870244,0.0,0.0,67.0,5.0,0.0,1.0,0.0,8.0,0.9701492537313433,0.0,1.0,0.0,5.0,1.0,0.0,0.0,1,0.0,0.0,39.0,0.9064960594405433,,,,,,0.0,0.0,21.0,21.0,1.0,,,
1182,6435,96.0,0.0,5.398809246549118,0.0,2719,1763040729.644335,0.0,0.0,,,,,,,,,,,,,,,0,0.0,0.0,19.0,1.0949143184120975,,,,,,4.0,0.0,0.0,-4.0,0.0,,,
1183,6437,2964.0,0.0,8.461788079236054,0.0,18701,1764641900.2056158,0.0,0.0,413.0,24.0,1.0,2.0,,17.0,1.0,0.0,1.0,0.0,2.0,1.0,0.0,0.0,0,0.0,164.0,206.0,1.316925114654989,0.0,32.0,59.0,59.0,0.6483516483516484,26.0,87.0,65.0,39.0,0.3651685393258427,,,
1187,6441,2643.0,0.0,9.530216572984637,0.0,35403,1766437217.8560305,0.0,0.0,193.0,22.0,1.0,2.0,,16.0,1.0,0.0,1.0,0.0,5.0,1.0,0.0,0.0,0,54.0,22.0,124.0,1.0922974764639493,0.0,4.0,0.0,0.0,0.0,161.0,114.0,113.0,-48.0,0.2912371134020619,,,
1189,6443,947.0,0.0,10.159965900328618,0.0,12694,1763983250.1570232,0.0,0.0,120.0,6.0,1.0,1.0,,9.0,1.0,0.0,1.0,0.0,1.0,1.0,0.0,0.0,0,0.0,60.0,21.0,1.3111956859773648,,,,,,26.0,9.0,5.0,-21.0,0.125,,,
1196,6452,919.0,0.0,9.567744318205385,0.0,4783,1765145149.6614192,0.0,0.0,187.0,11.0,1.0,1.0,,8.0,1.0,,,,,,,,0,0.0,63.0,100.0,1.2827916906657246,,,,,,8.0,22.0,0.0,-8.0,0.0,,,
1200,6461,211.0,0.0,7.113652060729673,0.0,1892,1767932740.7815154,0.0,0.0,,,,,,,,0.0,1.0,0.0,4.0,1.0,0.0,0.0,0,0.0,0.0,40.0,-0.0,,,,,,23.0,24.0,28.0,5.0,0.37333333333333335,,,
1222,6487,2181.0,0.0,12.609607979508707,0.0,13522,1764262870.687087,0.0,0.0,265.0,22.0,1.0,2.0,,12.0,0.9962264150943396,0.0,1.0,0.0,11.0,1.0,0.0,0.0,1,0.0,0.0,179.0,0.8154733855511704,,,,,,79.0,66.0,4.0,-75.0,0.026845637583892617,,,
1230,6495,3622.0,0.0,11.84793224157212,0.0,12616,1764674445.6772952,0.0,0.0,360.0,33.0,1.0,2.0,,16.0,1.0,0.0,1.0,0.0,15.0,1.0,0.0,0.0,0,28.0,0.0,277.0,0.7165425781461027,10.0,0.0,1.0,-9.0,0.09090909090909091,117.0,168.0,56.0,-61.0,0.16422287390029325,,,
1233,6498,6857.0,0.0,10.420110312210912,0.0,71986,1766191099.8696666,0.0,0.0,608.0,30.0,1.0,2.0,,42.0,0.9983552631578947,0.0,1.0,0.0,19.0,1.0,0.0,0.0,0,0.0,19.0,257.0,0.8588415786351064,73.0,1.0,0.0,-73.0,0.0,191.0,54.0,85.0,-106.0,0.25757575757575757,,,
1249,6518,3057.0,0.0,13.521834265526797,0.0,20746,1767088246.0942605,0.0,0.0,275.0,18.0,1.0,2.0,,13.0,1.0,0.0,1.0,0.0,17.0,1.0,0.0,0.0,1,9.0,0.0,253.0,0.6205438691018175,0.0,23.0,16.0,16.0,0.41025641025641024,94.0,222.0,131.0,37.0,0.2930648769574944,,,
1250,6519,3090.0,0.0,14.087673995746563,0.0,11970,1764599149.9412894,0.0,0.0,444.0,19.0,1.0,2.0,,11.0,0.9977477477477478,0.0,1.0,0.0,15.0,1.0,0.0,0.0,1,0.0,0.0,224.0,0.8715585279774947,2.0,0.0,0.0,-2.0,0.0,67.0,135.0,33.0,-34.0,0.14042553191489363,,,
1252,6529,870.0,0.0,8.627960236988132,0.0,8514,1763488676.4660373,0.0,0.0,86.0,8.0,0.0,2.0,0.0,10.0,1.0,0.0,1.0,0.0,4.0,1.0,0.0,0.0,0,0.0,0.0,71.0,0.9078619154263696,,,,,,0.0,13.0,14.0,14.0,0.5185185185185185,,,
1256,6533,1557.0,0.0,7.596543428389846,0.0,18525,1763753625.9292967,0.0,0.0,68.0,8.0,0.0,2.0,,8.0,1.0,0.0,1.0,0.0,8.0,1.0,0.0,0.0,0,0.0,80.0,47.0,1.075629789029835,0.0,0.0,2.0,2.0,1.0,63.0,27.0,44.0,-19.0,0.3283582089552239,,,
1258,6536,3396.0,0.0,16.01329696543838,0.0,35918,1765189076.6237826,0.0,0.0,353.0,36.0,0.0,2.0,0.0,20.0,0.9971671388101983,0.0,1.0,0.0,4.0,1.0,0.0,0.0,0,73.0,287.0,309.0,0.9134976939832423,34.0,139.0,8.0,-26.0,0.04419889502762431,83.0,117.0,44.0,-39.0,0.18032786885245902,,,
1260,6538,5505.0,0.0,12.396774879869009,0.0,45735,1765656647.7764177,0.0,0.0,899.0,46.0,0.0,2.0,0.0,27.0,1.0,0.0,1.0,0.0,15.0,1.0,0.0,0.0,1,0.0,120.0,362.0,0.952872032412578,501.0,0.0,42.0,-459.0,0.07734806629834254,291.0,28.0,88.0,-203.0,0.21621621621621623,,,
1262,6540,1642.0,0.0,10.241169828905782,0.0,12904,1764004115.0085077,0.0,0.0,288.0,25.0,0.0,2.0,0.0,15.0,0.9965277777777778,0.0,1.0,0.0,6.0,1.0,0.0,0.0,1,0.0,0.0,191.0,0.9861241929032656,0.0,33.0,0.0,0.0,0.0,7.0,65.0,23.0,16.0,0.24210526315789474,,,
1263,6541,873.0,0.0,12.419972459145018,0.0,13289,1762696030.3792255,0.0,0.0,141.0,13.0,0.0,1.0,0.0,8.0,1.0,,,,,,,,1,0.0,0.0,145.0,0.7300240173214622,0.0,0.0,4.0,4.0,1.0,0.0,0.0,7.0,7.0,1.0,,,
1264,6542,2441.0,0.0,14.882397620723363,0.0,23581,1763686324.3867614,0.0,0.0,324.0,22.0,0.0,2.0,0.0,15.0,1.0,0.0,1.0,0.0,9.0,1.0,0.0,0.0,1,0.0,56.0,340.0,0.9482009397324382,0.0,8.0,44.0,44.0,0.8461538461538461,0.0,10.0,60.0,60.0,0.8571428571428571,,,
1265,6543,4937.0,0.0,16.748440692816775,0.0,31345,1763522108.3623633,0.0,0.0,478.0,34.0,0.0,2.0,0.0,24.0,0.997907949790795,0.0,1.0,0.0,12.0,1.0,0.0,0.0,1,0.0,26.0,236.0,1.0721242898976995,0.0,42.0,1.0,1.0,0.023255813953488372,0.0,103.0,21.0,21.0,0.1693548387096774,,,
1269,6547,8362.0,0.0,19.00747149645026,0.0,61366,1764411529.5539007,0.0,0.0,173.0,14.0,0.0,2.0,0.0,11.0,1.0,0.0,1.0,0.0,9.0,1.0,0.0,0.0,0,0.0,0.0,156.0,0.5686422337386857,0.0,10.0,0.0,0.0,0.0,40.0,83.0,26.0,-14.0,0.174496644295302,,,
1270,6548,5990.0,0.0,17.55717635486567,0.0,15681,1764085779.9365766,0.0,0.0,602.0,33.0,0.0,2.0,0.0,17.0,1.0,0.0,1.0,0.0,6.0,1.0,0.0,0.0,0,0.0,0.0,286.0,0.9132660970475285,77.0,46.0,0.0,-77.0,0.0,151.0,89.0,28.0,-123.0,0.1044776119402985,,,
1271,6549,2396.0,0.0,10.220891192032523,0.0,32825,1764790648.8246903,0.0,0.0,285.0,24.0,0.0,2.0,0.0,18.0,1.0,0.0,1.0,0.0,2.0,1.0,0.0,0.0,1,0.0,56.0,171.0,0.9112358000202248,13.0,8.0,53.0,40.0,0.7162162162162162,60.0,52.0,53.0,-7.0,0.3212121212121212,,,
1272,6550,1661.0,0.0,15.626160469993662,0.0,18572,1766176053.2386184,0.0,0.0,335.0,24.0,0.0,2.0,0.0,14.0,1.0,0.0,1.0,0.0,1.0,1.0,0.0,0.0,0,0.0,0.0,210.0,0.8034742591426993,189.0,0.0,9.0,-180.0,0.045454545454545456,159.0,14.0,11.0,-148.0,0.059782608695652176,,,
1273,6551,3189.0,0.0,12.710385138986695,0.0,12477,1764774336.558007,0.0,0.0,340.0,25.0,0.0,2.0,0.0,16.0,0.9941176470588236,0.0,1.0,0.0,4.0,1.0,0.0,0.0,1,0.0,0.0,141.0,0.7767294767961549,38.0,1.0,7.0,-31.0,0.15217391304347827,62.0,84.0,41.0,-21.0,0.2192513368983957,,,
1277,6555,1141.0,0.0,17.6738609193143,0.0,13651,1765503677.6240013,0.0,0.0,127.0,13.0,1.0,1.0,,7.0,1.0,,,,,,,,0,0.0,0.0,132.0,0.9252065988239022,0.0,17.0,0.0,0.0,0.0,0.0,18.0,57.0,57.0,0.76,,,
1283,6562,2442.0,0.0,20.624832448838067,0.0,9767,1766866600.7644668,0.0,0.0,124.0,9.0,0.0,2.0,,7.0,1.0,0.0,1.0,0.0,3.0,1.0,0.0,0.0,1,20.0,56.0,54.0,0.9888055475515213,0.0,0.0,24.0,24.0,1.0,0.0,65.0,154.0,154.0,0.7031963470319634,,,
1285,6564,592.0,0.0,17.322124041115824,0.0,2505,1769519483.4541123,0.0,0.0,10.0,1.0,1.0,1.0,,1.0,1.0,0.0,1.0,0.0,4.0,1.0,0.0,0.0,0,0.0,0.0,147.0,0.37313999012128174,0.0,10.0,0.0,0.0,0.0,0.0,55.0,82.0,82.0,0.5985401459854015,,,
1288,6567,52.0,0.0,1.577031017215715,0.0,151,1769078513.498231,0.0,0.0,1.0,1.0,1.0,1.0,,1.0,0.0,,,,,,,,1,0.0,0.0,59.0,0.4689955935892812,0.0,0.0,1.0,1.0,1.0,0.0,0.0,33.0,33.0,1.0,,,
1289,6568,1122.0,0.0,12.6235993128785,0.0,7041,1766772806.842713,0.0,0.0,55.0,3.0,0.0,1.0,,2.0,1.0,0.0,1.0,0.0,6.0,1.0,0.0,0.0,0,19.0,0.0,43.0,0.4573451074948636,30.0,0.0,0.0,-30.0,0.0,41.0,127.0,42.0,1.0,0.2,,,
1292,6573,205.0,0.0,8.395509710785841,0.0,511,1769849510.230092,0.0,0.0,38.0,2.0,1.0,1.0,,1.0,1.0,0.0,1.0,0.0,1.0,1.0,0.0,0.0,0,9.0,19.0,100.0,0.7073436679636536,0.0,0.0,38.0,38.0,1.0,0.0,0.0,74.0,74.0,1.0,,,
1296,6585,709.0,0.0,10.726742701117638,0.0,3196,1764660734.9367287,0.0,0.0,114.0,11.0,0.0,1.0,,7.0,0.9824561403508771,0.0,1.0,0.0,2.0,1.0,0.0,0.0,1,0.0,0.0,50.0,1.1174700150078432,0.0,19.0,0.0,0.0,0.0,0.0,43.0,14.0,14.0,0.24561403508771928,,,
1297,6586,817.0,0.0,11.026296205513749,0.0,8139,1765010413.5961604,0.0,0.0,84.0,9.0,0.0,2.0,,8.0,0.9761904761904762,0.0,1.0,0.0,3.0,1.0,0.0,0.0,1,0.0,0.0,49.0,0.9912642605354289,,,,,,7.0,32.0,19.0,12.0,0.3275862068965517,,,
1298,6587,341.0,0.0,10.882670763899574,0.0,3555,1764086634.278612,0.0,0.0,24.0,6.0,0.0,2.0,,2.0,0.9583333333333334,0.0,1.0,0.0,1.0,1.0,0.0,0.0,0,0.0,72.0,27.0,1.0269154736022421,,,,,,0.0,29.0,2.0,2.0,0.06451612903225806,,,
1304,6602,516.0,0.0,11.178981436016809,0.0,9525,1763471638.0662882,0.0,0.0,55.0,6.0,1.0,1.0,,5.0,1.0,0.0,1.0,0.0,4.0,1.0,0.0,0.0,1,0.0,0.0,82.0,1.3651999476049543,4.0,2.0,0.0,-4.0,0.0,50.0,26.0,26.0,-24.0,0.2549019607843137,,,
1306,6607,2437.0,0.0,14.751229068402361,0.0,6203,1765752721.305477,0.0,0.0,135.0,20.0,1.0,2.0,,13.0,0.9851851851851852,0.0,1.0,0.0,1.0,1.0,0.0,0.0,0,0.0,19.0,108.0,0.7722872037400041,0.0,12.0,23.0,23.0,0.6571428571428571,0.0,129.0,129.0,129.0,0.5,,,
1308,6609,2041.0,0.0,10.727404543444516,0.0,56049,1766304881.9896095,0.0,0.0,207.0,8.0,1.0,1.0,,6.0,1.0,0.0,1.0,0.0,18.0,1.0,0.0,0.0,1,0.0,100.0,82.0,0.8860041755041467,11.0,0.0,0.0,-11.0,0.0,66.0,85.0,66.0,0.0,0.30414746543778803,,,
1309,6610,412.0,0.0,13.28303543669056,0.0,1965,1762326801.9238095,0.0,0.0,67.0,5.0,1.0,1.0,,2.0,1.0,,,,,,,,1,9.0,0.0,97.0,1.2987949406953985,,,,,,,,,,,,,
1310,6612,1068.0,0.0,7.429326706370331,0.0,24880,1766542733.2883046,0.0,0.0,24.0,5.0,1.0,2.0,,4.0,0.9166666666666666,0.0,1.0,0.0,8.0,1.0,0.0,0.0,0,9.0,0.0,20.0,1.0834269167804427,0.0,1.0,1.0,1.0,0.5,47.0,63.0,67.0,20.0,0.3785310734463277,,,
1314,6616,1467.0,0.0,10.863538496210507,0.0,8316,1766798064.4136016,0.0,0.0,146.0,12.0,0.0,2.0,,10.0,0.9931506849315068,0.0,1.0,0.0,6.0,1.0,0.0,0.0,1,0.0,0.0,85.0,0.5713549744279549,0.0,23.0,56.0,56.0,0.7088607594936709,5.0,65.0,67.0,62.0,0.48905109489051096,,,
1315,6617,2354.0,0.0,11.045010355310973,0.0,16971,1763903432.1786363,0.0,0.0,173.0,17.0,0.0,2.0,,12.0,1.0,0.0,1.0,0.0,5.0,1.0,0.0,0.0,1,0.0,0.0,131.0,0.6384066520506695,0.0,4.0,9.0,9.0,0.6923076923076923,23.0,54.0,40.0,17.0,0.3418803418803419,,,
1317,6620,875.0,0.0,8.737309388095778,0.0,5205,1764801662.714349,0.0,0.0,52.0,6.0,0.0,2.0,,5.0,1.0,0.0,1.0,0.0,3.0,1.0,0.0,0.0,1,0.0,0.0,44.0,0.7463839547314439,0.0,5.0,9.0,9.0,0.6428571428571429,8.0,35.0,32.0,24.0,0.4266666666666667,,,
1318,6621,2359.0,0.0,10.000280506851357,0.0,21713,1765848912.2715876,0.0,0.0,143.0,15.0,0.0,2.0,,17.0,1.0,0.0,1.0,0.0,16.0,1.0,0.0,0.0,0,0.0,0.0,142.0,0.7207565714311459,0.0,15.0,20.0,20.0,0.5714285714285714,20.0,45.0,127.0,107.0,0.6614583333333334,,,
1319,6622,780.0,0.0,8.77144196284738,0.0,6001,1766116560.6069536,0.0,0.0,60.0,8.0,0.0,2.0,,7.0,0.9833333333333333,0.0,1.0,0.0,7.0,1.0,0.0,0.0,1,0.0,0.0,50.0,0.6742907214938758,0.0,5.0,17.0,17.0,0.7727272727272727,0.0,56.0,53.0,53.0,0.48623853211009177,,,
1323,6629,3691.0,0.0,13.585629836827355,0.0,26848,1767285716.8039865,0.0,0.0,335.0,30.0,0.0,2.0,,20.0,0.9970149253731343,0.0,1.0,0.0,20.0,1.0,0.0,0.0,0,0.0,0.0,256.0,0.5981929659633949,126.0,97.0,52.0,-74.0,0.1890909090909091,205.0,434.0,159.0,-46.0,0.19924812030075187,,,
1326,6634,2002.0,0.0,15.486081917990626,0.0,56129,1765340822.274766,0.0,0.0,86.0,7.0,0.0,2.0,0.0,8.0,1.0,0.0,1.0,0.0,17.0,1.0,0.0,0.0,1,0.0,30.0,262.0,0.7704762676740453,0.0,0.0,8.0,8.0,1.0,0.0,107.0,115.0,115.0,0.5180180180180181,,,
1332,6643,982.0,0.0,15.800422299143415,0.0,6616,1763930254.8519888,0.0,0.0,166.0,10.0,0.0,2.0,,7.0,0.9939759036144579,0.0,1.0,0.0,4.0,1.0,0.0,0.0,1,0.0,0.0,92.0,1.1510281995020908,0.0,32.0,0.0,0.0,0.0,3.0,29.0,0.0,-3.0,0.0,,,
1335,6647,4520.0,0.0,12.722107927617111,0.0,19479,1764378281.6730862,0.0,0.0,486.0,26.0,1.0,2.0,,10.0,1.0,0.0,1.0,0.0,23.0,1.0,0.0,0.0,0,0.0,59.0,229.0,0.8643903169715734,0.0,42.0,0.0,0.0,0.0,9.0,129.0,89.0,80.0,0.3920704845814978,,,
1336,6648,430.0,0.0,10.94205129548111,0.0,4713,1766056512.5709045,0.0,0.0,23.0,1.0,0.0,1.0,,1.0,1.0,0.0,1.0,0.0,1.0,1.0,0.0,0.0,0,0.0,0.0,42.0,0.4074445433186969,,,,,,0.0,26.0,24.0,24.0,0.48,,,
1342,6655,571.0,0.0,13.017035375192243,0.0,3722,1763333164.551514,0.0,0.0,33.0,3.0,0.0,1.0,,2.0,1.0,0.0,1.0,0.0,1.0,1.0,0.0,0.0,1,0.0,0.0,55.0,0.8886865525783176,,,,,,,,,,,,,
1560,7048,644.0,0.0,11.787286341087029,0.0,5940,1765116468.2169244,0.0,0.0,125.0,5.0,0.0,2.0,,4.0,1.0,0.0,1.0,0.0,1.0,1.0,0.0,0.0,0,19.0,0.0,25.0,1.4224588087457941,0.0,0.0,25.0,25.0,1.0,8.0,11.0,67.0,59.0,0.7790697674418605,,,
1566,7056,1377.0,0.0,12.202351945357735,0.0,6304,1765124644.5261257,0.0,0.0,276.0,17.0,1.0,1.0,,12.0,1.0,,,,,,,,0,0.0,0.0,151.0,1.0872891118858719,12.0,0.0,7.0,-5.0,0.3684210526315789,27.0,0.0,3.0,-24.0,0.1,,,
1572,7062,653.0,0.0,13.550351648202625,0.0,1843,1765533381.4793751,0.0,0.0,117.0,10.0,1.0,1.0,,5.0,1.0,,,,,,,,0,0.0,0.0,123.0,0.8628011885321314,51.0,0.0,36.0,-15.0,0.41379310344827586,73.0,0.0,46.0,-27.0,0.3865546218487395,,,
